<annotation>
  <folder></folder>
  <filename>AD_007.jpg</filename>
  <source>
    <database>Unknown</database>
    <annotation>Unknown</annotation>
    <image>Unknown</image>
  </source>
  <size>
    <width>1520</width>
    <height>2156</height>
    <depth></depth>
  </size>
  <segmented>0</segmented>
  <object>
    <name>schueler_vorname</name>
    <truncated>0</truncated>
    <occluded>0</occluded>
    <difficult>0</difficult>
    <bndbox>
      <xmin>299.8</xmin>
      <ymin>1285.5</ymin>
      <xmax>1220.04</xmax>
      <ymax>1343.91</ymax>
    </bndbox>
    <attributes>
      <attribute>
        <name>Vorname</name>
        <value>Emil</value>
      </attribute>
      <attribute>
        <name>rotation</name>
        <value>0.0</value>
      </attribute>
    </attributes>
  </object>
  <object>
    <name>schueler_klasse</name>
    <truncated>0</truncated>
    <occluded>0</occluded>
    <difficult>0</difficult>
    <bndbox>
      <xmin>302.72</xmin>
      <ymin>1349.75</ymin>
      <xmax>1222.96</xmax>
      <ymax>1405.26</ymax>
    </bndbox>
    <attributes>
      <attribute>
        <name>Klasse</name>
        <value>12A</value>
      </attribute>
      <attribute>
        <name>rotation</name>
        <value>0.0</value>
      </attribute>
    </attributes>
  </object>
  <object>
    <name>ad_erzieher_name</name>
    <truncated>0</truncated>
    <occluded>0</occluded>
    <difficult>0</difficult>
    <bndbox>
      <xmin>334.85</xmin>
      <ymin>850.19</ymin>
      <xmax>1176.22</xmax>
      <ymax>932.0</ymax>
    </bndbox>
    <attributes>
      <attribute>
        <name>Name</name>
        <value>Liebelt</value>
      </attribute>
      <attribute>
        <name>rotation</name>
        <value>0.0</value>
      </attribute>
    </attributes>
  </object>
  <object>
    <name>ad_erzieher_vorname</name>
    <truncated>0</truncated>
    <occluded>0</occluded>
    <difficult>0</difficult>
    <bndbox>
      <xmin>329.01</xmin>
      <ymin>937.8</ymin>
      <xmax>1184.98</xmax>
      <ymax>1013.8</ymax>
    </bndbox>
    <attributes>
      <attribute>
        <name>Vorname</name>
        <value>Anja</value>
      </attribute>
      <attribute>
        <name>rotation</name>
        <value>0.0</value>
      </attribute>
    </attributes>
  </object>
  <object>
    <name>ad_erzieher_tel</name>
    <truncated>0</truncated>
    <occluded>0</occluded>
    <difficult>0</difficult>
    <bndbox>
      <xmin>226.76</xmin>
      <ymin>993.34</ymin>
      <xmax>1187.9</xmax>
      <ymax>1060.53</ymax>
    </bndbox>
    <attributes>
      <attribute>
        <name>Telefonnummer</name>
        <value>2106865</value>
      </attribute>
      <attribute>
        <name>rotation</name>
        <value>0.0</value>
      </attribute>
    </attributes>
  </object>
  <object>
    <name>ad_erzieher_email</name>
    <truncated>0</truncated>
    <occluded>0</occluded>
    <difficult>0</difficult>
    <bndbox>
      <xmin>334.85</xmin>
      <ymin>1051.8</ymin>
      <xmax>1190.83</xmax>
      <ymax>1142.33</ymax>
    </bndbox>
    <attributes>
      <attribute>
        <name>Email</name>
        <value>liebeanja@web.de</value>
      </attribute>
      <attribute>
        <name>rotation</name>
        <value>0.0</value>
      </attribute>
    </attributes>
  </object>
  <object>
    <name>ad_neue_ad_str_haus_nr</name>
    <truncated>0</truncated>
    <occluded>0</occluded>
    <difficult>0</difficult>
    <bndbox>
      <xmin>153.73</xmin>
      <ymin>1492.9</ymin>
      <xmax>1243.41</xmax>
      <ymax>1595.15</ymax>
    </bndbox>
    <attributes>
      <attribute>
        <name>Strasse_und_Hausnummer</name>
        <value>Borgfelder Heerstraße 36</value>
      </attribute>
      <attribute>
        <name>rotation</name>
        <value>0.0</value>
      </attribute>
    </attributes>
  </object>
  <object>
    <name>ad_neue_ad_plz</name>
    <truncated>0</truncated>
    <occluded>0</occluded>
    <difficult>0</difficult>
    <bndbox>
      <xmin>144.96</xmin>
      <ymin>1557.17</ymin>
      <xmax>1255.1</xmax>
      <ymax>1641.89</ymax>
    </bndbox>
    <attributes>
      <attribute>
        <name>PLZ</name>
        <value>28357</value>
      </attribute>
      <attribute>
        <name>rotation</name>
        <value>0.0</value>
      </attribute>
    </attributes>
  </object>
  <object>
    <name>ad_neue_ad_stadt</name>
    <truncated>0</truncated>
    <occluded>0</occluded>
    <difficult>0</difficult>
    <bndbox>
      <xmin>168.33</xmin>
      <ymin>1621.44</ymin>
      <xmax>1237.57</xmax>
      <ymax>1706.16</ymax>
    </bndbox>
    <attributes>
      <attribute>
        <name>Stadt</name>
        <value>Bremen</value>
      </attribute>
      <attribute>
        <name>rotation</name>
        <value>0.0</value>
      </attribute>
    </attributes>
  </object>
  <object>
    <name>ad_schueler_unterschrift</name>
    <truncated>0</truncated>
    <occluded>0</occluded>
    <difficult>0</difficult>
    <bndbox>
      <xmin>318.06</xmin>
      <ymin>1887.5</ymin>
      <xmax>934.8</xmax>
      <ymax>2021.4</ymax>
    </bndbox>
    <attributes>
      <attribute>
        <name>Unterschrift</name>
        <value>Liebelt</value>
      </attribute>
      <attribute>
        <name>rotation</name>
        <value>0.0</value>
      </attribute>
    </attributes>
  </object>
  <object>
    <name>ad_schueler_datum</name>
    <truncated>0</truncated>
    <occluded>0</occluded>
    <difficult>0</difficult>
    <bndbox>
      <xmin>1072.75</xmin>
      <ymin>1883.44</ymin>
      <xmax>1468.36</xmax>
      <ymax>2007.2</ymax>
    </bndbox>
    <attributes>
      <attribute>
        <name>Datum</name>
        <value>22.04.2024</value>
      </attribute>
      <attribute>
        <name>rotation</name>
        <value>0.0</value>
      </attribute>
    </attributes>
  </object>
  <object>
    <name>schueler_name</name>
    <truncated>0</truncated>
    <occluded>0</occluded>
    <difficult>0</difficult>
    <bndbox>
      <xmin>297.46</xmin>
      <ymin>1203.68</ymin>
      <xmax>1200.17</xmax>
      <ymax>1297.17</ymax>
    </bndbox>
    <attributes>
      <attribute>
        <name>Name</name>
        <value>Liebelt</value>
      </attribute>
      <attribute>
        <name>rotation</name>
        <value>0.0</value>
      </attribute>
    </attributes>
  </object>
  <object>
    <name>adress_aend</name>
    <truncated>0</truncated>
    <occluded>0</occluded>
    <difficult>0</difficult>
    <bndbox>
      <xmin>317.91</xmin>
      <ymin>391.53</ymin>
      <xmax>1232.31</xmax>
      <ymax>508.39</ymax>
    </bndbox>
    <attributes>
      <attribute>
        <name>rotation</name>
        <value>0.0</value>
      </attribute>
    </attributes>
  </object>
  <object>
    <name>schueler</name>
    <truncated>0</truncated>
    <occluded>0</occluded>
    <difficult>0</difficult>
    <bndbox>
      <xmin>224.42</xmin>
      <ymin>1159.86</ymin>
      <xmax>1299.5</xmax>
      <ymax>1428.63</ymax>
    </bndbox>
    <attributes>
      <attribute>
        <name>rotation</name>
        <value>0.0</value>
      </attribute>
    </attributes>
  </object>
  <object>
    <name>ad_neue_ad</name>
    <truncated>0</truncated>
    <occluded>0</occluded>
    <difficult>0</difficult>
    <bndbox>
      <xmin>98.8</xmin>
      <ymin>1446.16</ymin>
      <xmax>1357.93</xmax>
      <ymax>1726.61</ymax>
    </bndbox>
    <attributes>
      <attribute>
        <name>rotation</name>
        <value>0.0</value>
      </attribute>
    </attributes>
  </object>
  <object>
    <name>ad_erzieher</name>
    <truncated>0</truncated>
    <occluded>0</occluded>
    <difficult>0</difficult>
    <bndbox>
      <xmin>160.15</xmin>
      <ymin>780.08</ymin>
      <xmax>1317.03</xmax>
      <ymax>1156.94</ymax>
    </bndbox>
    <attributes>
      <attribute>
        <name>rotation</name>
        <value>0.0</value>
      </attribute>
    </attributes>
  </object>
  <object>
    <name>ad_unterschrift</name>
    <truncated>0</truncated>
    <occluded>0</occluded>
    <difficult>0</difficult>
    <bndbox>
      <xmin>277.01</xmin>
      <ymin>1878.5</ymin>
      <xmax>1492.32</xmax>
      <ymax>2036.28</ymax>
    </bndbox>
    <attributes>
      <attribute>
        <name>rotation</name>
        <value>0.0</value>
      </attribute>
    </attributes>
  </object>
</annotation>
