<annotation>
  <folder></folder>
  <filename>AD_021.JPG</filename>
  <source>
    <database>Unknown</database>
    <annotation>Unknown</annotation>
    <image>Unknown</image>
  </source>
  <size>
    <width>1496</width>
    <height>2128</height>
    <depth></depth>
  </size>
  <segmented>0</segmented>
  <object>
    <name>adress_aend</name>
    <truncated>0</truncated>
    <occluded>0</occluded>
    <difficult>0</difficult>
    <bndbox>
      <xmin>284.79</xmin>
      <ymin>388.53</ymin>
      <xmax>1225.74</xmax>
      <ymax>528.47</ymax>
    </bndbox>
    <attributes>
      <attribute>
        <name>rotation</name>
        <value>0.0</value>
      </attribute>
    </attributes>
  </object>
  <object>
    <name>ad_erzieher</name>
    <truncated>0</truncated>
    <occluded>0</occluded>
    <difficult>0</difficult>
    <bndbox>
      <xmin>236.53</xmin>
      <ymin>769.74</ymin>
      <xmax>1305.36</xmax>
      <ymax>1129.23</ymax>
    </bndbox>
    <attributes>
      <attribute>
        <name>rotation</name>
        <value>0.0</value>
      </attribute>
    </attributes>
  </object>
  <object>
    <name>ad_erzieher_name</name>
    <truncated>0</truncated>
    <occluded>0</occluded>
    <difficult>0</difficult>
    <bndbox>
      <xmin>337.87</xmin>
      <ymin>854.18</ymin>
      <xmax>1146.12</xmax>
      <ymax>919.33</ymax>
    </bndbox>
    <attributes>
      <attribute>
        <name>Name</name>
        <value>Fischer</value>
      </attribute>
      <attribute>
        <name>rotation</name>
        <value>0.0</value>
      </attribute>
    </attributes>
  </object>
  <object>
    <name>ad_erzieher_vorname</name>
    <truncated>0</truncated>
    <occluded>0</occluded>
    <difficult>0</difficult>
    <bndbox>
      <xmin>335.45</xmin>
      <ymin>924.15</ymin>
      <xmax>1141.3</xmax>
      <ymax>982.06</ymax>
    </bndbox>
    <attributes>
      <attribute>
        <name>Vorname</name>
        <value>Andrea</value>
      </attribute>
      <attribute>
        <name>rotation</name>
        <value>0.0</value>
      </attribute>
    </attributes>
  </object>
  <object>
    <name>ad_erzieher_tel</name>
    <truncated>0</truncated>
    <occluded>0</occluded>
    <difficult>0</difficult>
    <bndbox>
      <xmin>265.49</xmin>
      <ymin>986.88</ymin>
      <xmax>1146.12</xmax>
      <ymax>1039.96</ymax>
    </bndbox>
    <attributes>
      <attribute>
        <name>Telefonnummer</name>
        <value>9825771</value>
      </attribute>
      <attribute>
        <name>rotation</name>
        <value>0.0</value>
      </attribute>
    </attributes>
  </object>
  <object>
    <name>ad_erzieher_email</name>
    <truncated>0</truncated>
    <occluded>0</occluded>
    <difficult>0</difficult>
    <bndbox>
      <xmin>342.69</xmin>
      <ymin>1044.79</ymin>
      <xmax>1158.18</xmax>
      <ymax>1124.41</ymax>
    </bndbox>
    <attributes>
      <attribute>
        <name>Email</name>
        <value>fischerandrea@gmx.com</value>
      </attribute>
      <attribute>
        <name>rotation</name>
        <value>0.0</value>
      </attribute>
    </attributes>
  </object>
  <object>
    <name>schueler</name>
    <truncated>0</truncated>
    <occluded>0</occluded>
    <difficult>0</difficult>
    <bndbox>
      <xmin>236.53</xmin>
      <ymin>1143.71</ymin>
      <xmax>1312.6</xmax>
      <ymax>1406.69</ymax>
    </bndbox>
    <attributes>
      <attribute>
        <name>rotation</name>
        <value>0.0</value>
      </attribute>
    </attributes>
  </object>
  <object>
    <name>schueler_name</name>
    <truncated>0</truncated>
    <occluded>0</occluded>
    <difficult>0</difficult>
    <bndbox>
      <xmin>364.41</xmin>
      <ymin>1199.2</ymin>
      <xmax>1143.71</xmax>
      <ymax>1259.52</ymax>
    </bndbox>
    <attributes>
      <attribute>
        <name>Name</name>
        <value>Fischer</value>
      </attribute>
      <attribute>
        <name>rotation</name>
        <value>0.0</value>
      </attribute>
    </attributes>
  </object>
  <object>
    <name>schueler_vorname</name>
    <truncated>0</truncated>
    <occluded>0</occluded>
    <difficult>0</difficult>
    <bndbox>
      <xmin>333.04</xmin>
      <ymin>1266.76</ymin>
      <xmax>1146.12</xmax>
      <ymax>1341.55</ymax>
    </bndbox>
    <attributes>
      <attribute>
        <name>Vorname</name>
        <value>Magret</value>
      </attribute>
      <attribute>
        <name>rotation</name>
        <value>0.0</value>
      </attribute>
    </attributes>
  </object>
  <object>
    <name>schueler_klasse</name>
    <truncated>0</truncated>
    <occluded>0</occluded>
    <difficult>0</difficult>
    <bndbox>
      <xmin>328.22</xmin>
      <ymin>1341.55</ymin>
      <xmax>1148.53</xmax>
      <ymax>1387.39</ymax>
    </bndbox>
    <attributes>
      <attribute>
        <name>Klasse</name>
        <value>12A</value>
      </attribute>
      <attribute>
        <name>rotation</name>
        <value>0.0</value>
      </attribute>
    </attributes>
  </object>
  <object>
    <name>ad_neue_ad</name>
    <truncated>0</truncated>
    <occluded>0</occluded>
    <difficult>0</difficult>
    <bndbox>
      <xmin>178.63</xmin>
      <ymin>1421.17</ymin>
      <xmax>1322.25</xmax>
      <ymax>1722.76</ymax>
    </bndbox>
    <attributes>
      <attribute>
        <name>rotation</name>
        <value>0.0</value>
      </attribute>
    </attributes>
  </object>
  <object>
    <name>ad_neue_ad_str_haus_nr</name>
    <truncated>0</truncated>
    <occluded>0</occluded>
    <difficult>0</difficult>
    <bndbox>
      <xmin>190.69</xmin>
      <ymin>1471.83</ymin>
      <xmax>1150.95</xmax>
      <ymax>1556.28</ymax>
    </bndbox>
    <attributes>
      <attribute>
        <name>Strasse_und_Hausnummer</name>
        <value>Edithweg 3</value>
      </attribute>
      <attribute>
        <name>rotation</name>
        <value>0.0</value>
      </attribute>
    </attributes>
  </object>
  <object>
    <name>ad_neue_ad_plz</name>
    <truncated>0</truncated>
    <occluded>0</occluded>
    <difficult>0</difficult>
    <bndbox>
      <xmin>301.68</xmin>
      <ymin>1556.3</ymin>
      <xmax>1199.2</xmax>
      <ymax>1602.1</ymax>
    </bndbox>
    <attributes>
      <attribute>
        <name>PLZ</name>
        <value>28201</value>
      </attribute>
      <attribute>
        <name>rotation</name>
        <value>0.0</value>
      </attribute>
    </attributes>
  </object>
  <object>
    <name>ad_neue_ad_stadt</name>
    <truncated>0</truncated>
    <occluded>0</occluded>
    <difficult>0</difficult>
    <bndbox>
      <xmin>369.23</xmin>
      <ymin>1606.95</ymin>
      <xmax>1150.95</xmax>
      <ymax>1679.33</ymax>
    </bndbox>
    <attributes>
      <attribute>
        <name>Stadt</name>
        <value>Bremen</value>
      </attribute>
      <attribute>
        <name>rotation</name>
        <value>0.0</value>
      </attribute>
    </attributes>
  </object>
  <object>
    <name>ad_unterschrift</name>
    <truncated>0</truncated>
    <occluded>0</occluded>
    <difficult>0</difficult>
    <bndbox>
      <xmin>149.68</xmin>
      <ymin>1836.17</ymin>
      <xmax>1464.6</xmax>
      <ymax>1985.74</ymax>
    </bndbox>
    <attributes>
      <attribute>
        <name>rotation</name>
        <value>0.0</value>
      </attribute>
    </attributes>
  </object>
  <object>
    <name>ad_schueler_unterschrift</name>
    <truncated>0</truncated>
    <occluded>0</occluded>
    <difficult>0</difficult>
    <bndbox>
      <xmin>320.98</xmin>
      <ymin>1850.63</ymin>
      <xmax>909.68</xmax>
      <ymax>1978.5</ymax>
    </bndbox>
    <attributes>
      <attribute>
        <name>Unterschrift</name>
        <value>Fischer</value>
      </attribute>
      <attribute>
        <name>rotation</name>
        <value>0.0</value>
      </attribute>
    </attributes>
  </object>
  <object>
    <name>ad_schueler_datum</name>
    <truncated>0</truncated>
    <occluded>0</occluded>
    <difficult>0</difficult>
    <bndbox>
      <xmin>1066.5</xmin>
      <ymin>1843.39</ymin>
      <xmax>1418.76</xmax>
      <ymax>1947.14</ymax>
    </bndbox>
    <attributes>
      <attribute>
        <name>Datum</name>
        <value>06.04.2024</value>
      </attribute>
      <attribute>
        <name>rotation</name>
        <value>0.0</value>
      </attribute>
    </attributes>
  </object>
</annotation>
