<annotation>
  <folder></folder>
  <filename>AD_015.jpg</filename>
  <source>
    <database>Unknown</database>
    <annotation>Unknown</annotation>
    <image>Unknown</image>
  </source>
  <size>
    <width>2430</width>
    <height>3414</height>
    <depth></depth>
  </size>
  <segmented>0</segmented>
  <object>
    <name>adress_aend</name>
    <truncated>0</truncated>
    <occluded>0</occluded>
    <difficult>0</difficult>
    <bndbox>
      <xmin>489.69</xmin>
      <ymin>662.82</ymin>
      <xmax>1915.45</xmax>
      <ymax>787.29</ymax>
    </bndbox>
    <attributes>
      <attribute>
        <name>rotation</name>
        <value>1.4210854715202004e-14</value>
      </attribute>
    </attributes>
  </object>
  <object>
    <name>ad_erzieher</name>
    <truncated>0</truncated>
    <occluded>0</occluded>
    <difficult>0</difficult>
    <bndbox>
      <xmin>434.13</xmin>
      <ymin>1281.88</ymin>
      <xmax>1921.5500000000002</xmax>
      <ymax>1777.38</ymax>
    </bndbox>
    <attributes>
      <attribute>
        <name>rotation</name>
        <value>357.6</value>
      </attribute>
    </attributes>
  </object>
  <object>
    <name>schueler</name>
    <truncated>0</truncated>
    <occluded>0</occluded>
    <difficult>0</difficult>
    <bndbox>
      <xmin>532.3</xmin>
      <ymin>1839.53</ymin>
      <xmax>1847.7</xmax>
      <ymax>2235.57</ymax>
    </bndbox>
    <attributes>
      <attribute>
        <name>rotation</name>
        <value>358.59999999999997</value>
      </attribute>
    </attributes>
  </object>
  <object>
    <name>ad_neue_ad_stadt</name>
    <truncated>0</truncated>
    <occluded>0</occluded>
    <difficult>0</difficult>
    <bndbox>
      <xmin>581.49</xmin>
      <ymin>2556.29</ymin>
      <xmax>1852.13</xmax>
      <ymax>2683.58</ymax>
    </bndbox>
    <attributes>
      <attribute>
        <name>Stadt</name>
        <value>Bremen</value>
      </attribute>
      <attribute>
        <name>rotation</name>
        <value>358.5</value>
      </attribute>
    </attributes>
  </object>
  <object>
    <name>ad_neue_ad</name>
    <truncated>0</truncated>
    <occluded>0</occluded>
    <difficult>0</difficult>
    <bndbox>
      <xmin>309.53</xmin>
      <ymin>2285.97</ymin>
      <xmax>1896.25</xmax>
      <ymax>2689.31</ymax>
    </bndbox>
    <attributes>
      <attribute>
        <name>rotation</name>
        <value>358.59999999999997</value>
      </attribute>
    </attributes>
  </object>
  <object>
    <name>ad_erzieher_name</name>
    <truncated>0</truncated>
    <occluded>0</occluded>
    <difficult>0</difficult>
    <bndbox>
      <xmin>566.07</xmin>
      <ymin>1353.07</ymin>
      <xmax>1827.75</xmax>
      <ymax>1466.22</ymax>
    </bndbox>
    <attributes>
      <attribute>
        <name>Name</name>
        <value>Huber</value>
      </attribute>
      <attribute>
        <name>rotation</name>
        <value>357.7</value>
      </attribute>
    </attributes>
  </object>
  <object>
    <name>ad_erzieher_vorname</name>
    <truncated>0</truncated>
    <occluded>0</occluded>
    <difficult>0</difficult>
    <bndbox>
      <xmin>529.29</xmin>
      <ymin>1471.88</ymin>
      <xmax>1841.9</xmax>
      <ymax>1570.89</ymax>
    </bndbox>
    <attributes>
      <attribute>
        <name>Vorname</name>
        <value>Jan</value>
      </attribute>
      <attribute>
        <name>rotation</name>
        <value>357.8</value>
      </attribute>
    </attributes>
  </object>
  <object>
    <name>ad_erzieher_tel</name>
    <truncated>0</truncated>
    <occluded>0</occluded>
    <difficult>0</difficult>
    <bndbox>
      <xmin>438.77</xmin>
      <ymin>1568.06</ymin>
      <xmax>1926.76</xmax>
      <ymax>1658.58</ymax>
    </bndbox>
    <attributes>
      <attribute>
        <name>Telefonnummer</name>
        <value>4650819</value>
      </attribute>
      <attribute>
        <name>rotation</name>
        <value>357.3</value>
      </attribute>
    </attributes>
  </object>
  <object>
    <name>ad_erzieher_email</name>
    <truncated>0</truncated>
    <occluded>0</occluded>
    <difficult>0</difficult>
    <bndbox>
      <xmin>526.46</xmin>
      <ymin>1664.24</ymin>
      <xmax>1861.7</xmax>
      <ymax>1763.25</ymax>
    </bndbox>
    <attributes>
      <attribute>
        <name>Email</name>
        <value>huberj@gmx.de</value>
      </attribute>
      <attribute>
        <name>rotation</name>
        <value>357.6</value>
      </attribute>
    </attributes>
  </object>
  <object>
    <name>schueler_name</name>
    <truncated>0</truncated>
    <occluded>0</occluded>
    <difficult>0</difficult>
    <bndbox>
      <xmin>571.73</xmin>
      <ymin>1899.04</ymin>
      <xmax>1833.41</xmax>
      <ymax>2009.37</ymax>
    </bndbox>
    <attributes>
      <attribute>
        <name>Name</name>
        <value>Huber</value>
      </attribute>
      <attribute>
        <name>rotation</name>
        <value>358.0</value>
      </attribute>
    </attributes>
  </object>
  <object>
    <name>schueler_vorname</name>
    <truncated>0</truncated>
    <occluded>0</occluded>
    <difficult>0</difficult>
    <bndbox>
      <xmin>540.61</xmin>
      <ymin>2012.38</ymin>
      <xmax>1853.3000000000002</xmax>
      <ymax>2111.39</ymax>
    </bndbox>
    <attributes>
      <attribute>
        <name>Vorname</name>
        <value>Patrick</value>
      </attribute>
      <attribute>
        <name>rotation</name>
        <value>357.50000000000006</value>
      </attribute>
    </attributes>
  </object>
  <object>
    <name>schueler_klasse</name>
    <truncated>0</truncated>
    <occluded>0</occluded>
    <difficult>0</difficult>
    <bndbox>
      <xmin>594.36</xmin>
      <ymin>2114.04</ymin>
      <xmax>1836.2400000000002</xmax>
      <ymax>2201.73</ymax>
    </bndbox>
    <attributes>
      <attribute>
        <name>Klasse</name>
        <value>A6B</value>
      </attribute>
      <attribute>
        <name>rotation</name>
        <value>358.9</value>
      </attribute>
    </attributes>
  </object>
  <object>
    <name>ad_neue_ad_str_haus_nr</name>
    <truncated>0</truncated>
    <occluded>0</occluded>
    <difficult>0</difficult>
    <bndbox>
      <xmin>315.42</xmin>
      <ymin>2348.8</ymin>
      <xmax>1878.38</xmax>
      <ymax>2459.63</ymax>
    </bndbox>
    <attributes>
      <attribute>
        <name>Strasse_und_Hausnummer</name>
        <value>Geisbergstraße 5</value>
      </attribute>
      <attribute>
        <name>rotation</name>
        <value>358.59999999999997</value>
      </attribute>
    </attributes>
  </object>
  <object>
    <name>ad_neue_ad_plz</name>
    <truncated>0</truncated>
    <occluded>0</occluded>
    <difficult>0</difficult>
    <bndbox>
      <xmin>510.81</xmin>
      <ymin>2459.63</ymin>
      <xmax>1894.61</xmax>
      <ymax>2556.3</ymax>
    </bndbox>
    <attributes>
      <attribute>
        <name>PLZ</name>
        <value>28211</value>
      </attribute>
      <attribute>
        <name>rotation</name>
        <value>357.69999999999993</value>
      </attribute>
    </attributes>
  </object>
  <object>
    <name>ad_schueler_unterschrift</name>
    <truncated>0</truncated>
    <occluded>0</occluded>
    <difficult>0</difficult>
    <bndbox>
      <xmin>527.3</xmin>
      <ymin>3003.96</ymin>
      <xmax>1479.66</xmax>
      <ymax>3166.62</ymax>
    </bndbox>
    <attributes>
      <attribute>
        <name>Unterschrift</name>
        <value>Huber</value>
      </attribute>
      <attribute>
        <name>rotation</name>
        <value>358.4</value>
      </attribute>
    </attributes>
  </object>
  <object>
    <name>ad_datum</name>
    <truncated>0</truncated>
    <occluded>0</occluded>
    <difficult>0</difficult>
    <bndbox>
      <xmin>1724.83</xmin>
      <ymin>2966.47</ymin>
      <xmax>2248.17</xmax>
      <ymax>3107.92</ymax>
    </bndbox>
    <attributes>
      <attribute>
        <name>Datum</name>
        <value>13.04.2024</value>
      </attribute>
      <attribute>
        <name>rotation</name>
        <value>358.1</value>
      </attribute>
    </attributes>
  </object>
  <object>
    <name>ad_unterschrift</name>
    <truncated>0</truncated>
    <occluded>0</occluded>
    <difficult>0</difficult>
    <bndbox>
      <xmin>506.05</xmin>
      <ymin>2966.47</ymin>
      <xmax>2271.75</xmax>
      <ymax>3185.71</ymax>
    </bndbox>
    <attributes>
      <attribute>
        <name>rotation</name>
        <value>358.2</value>
      </attribute>
    </attributes>
  </object>
</annotation>
