<annotation>
  <folder></folder>
  <filename>AD_024.JPG</filename>
  <source>
    <database>Unknown</database>
    <annotation>Unknown</annotation>
    <image>Unknown</image>
  </source>
  <size>
    <width>1356</width>
    <height>1956</height>
    <depth></depth>
  </size>
  <segmented>0</segmented>
  <object>
    <name>adress_aend</name>
    <truncated>0</truncated>
    <occluded>0</occluded>
    <difficult>0</difficult>
    <bndbox>
      <xmin>252.42</xmin>
      <ymin>350.89</ymin>
      <xmax>1108.45</xmax>
      <ymax>490.6</ymax>
    </bndbox>
    <attributes>
      <attribute>
        <name>rotation</name>
        <value>0.0</value>
      </attribute>
    </attributes>
  </object>
  <object>
    <name>ad_erzieher</name>
    <truncated>0</truncated>
    <occluded>0</occluded>
    <difficult>0</difficult>
    <bndbox>
      <xmin>114.93</xmin>
      <ymin>725.68</ymin>
      <xmax>1161.67</xmax>
      <ymax>1040.59</ymax>
    </bndbox>
    <attributes>
      <attribute>
        <name>rotation</name>
        <value>0.0</value>
      </attribute>
    </attributes>
  </object>
  <object>
    <name>ad_erzieher_name</name>
    <truncated>0</truncated>
    <occluded>0</occluded>
    <difficult>0</difficult>
    <bndbox>
      <xmin>310.08</xmin>
      <ymin>789.99</ymin>
      <xmax>1026.4</xmax>
      <ymax>852.09</ymax>
    </bndbox>
    <attributes>
      <attribute>
        <name>Name</name>
        <value>Kant</value>
      </attribute>
      <attribute>
        <name>rotation</name>
        <value>0.0</value>
      </attribute>
    </attributes>
  </object>
  <object>
    <name>ad_erzieher_vorname</name>
    <truncated>0</truncated>
    <occluded>0</occluded>
    <difficult>0</difficult>
    <bndbox>
      <xmin>287.91</xmin>
      <ymin>854.3</ymin>
      <xmax>1028.61</xmax>
      <ymax>914.18</ymax>
    </bndbox>
    <attributes>
      <attribute>
        <name>Vorname</name>
        <value>Melanie</value>
      </attribute>
      <attribute>
        <name>rotation</name>
        <value>0.0</value>
      </attribute>
    </attributes>
  </object>
  <object>
    <name>ad_erzieher_tel</name>
    <truncated>0</truncated>
    <occluded>0</occluded>
    <difficult>0</difficult>
    <bndbox>
      <xmin>230.25</xmin>
      <ymin>916.4</ymin>
      <xmax>1021.96</xmax>
      <ymax>967.41</ymax>
    </bndbox>
    <attributes>
      <attribute>
        <name>Telefonnummer</name>
        <value>8551566</value>
      </attribute>
      <attribute>
        <name>rotation</name>
        <value>0.0</value>
      </attribute>
    </attributes>
  </object>
  <object>
    <name>ad_erzieher_email</name>
    <truncated>0</truncated>
    <occluded>0</occluded>
    <difficult>0</difficult>
    <bndbox>
      <xmin>290.12</xmin>
      <ymin>967.41</ymin>
      <xmax>1028.61</xmax>
      <ymax>1033.94</ymax>
    </bndbox>
    <attributes>
      <attribute>
        <name>Email</name>
        <value>mkant@web.de</value>
      </attribute>
      <attribute>
        <name>rotation</name>
        <value>0.0</value>
      </attribute>
    </attributes>
  </object>
  <object>
    <name>schueler</name>
    <truncated>0</truncated>
    <occluded>0</occluded>
    <difficult>0</difficult>
    <bndbox>
      <xmin>114.93</xmin>
      <ymin>1051.68</ymin>
      <xmax>1163.89</xmax>
      <ymax>1304.49</ymax>
    </bndbox>
    <attributes>
      <attribute>
        <name>rotation</name>
        <value>0.0</value>
      </attribute>
    </attributes>
  </object>
  <object>
    <name>schueler_name</name>
    <truncated>0</truncated>
    <occluded>0</occluded>
    <difficult>0</difficult>
    <bndbox>
      <xmin>287.91</xmin>
      <ymin>1102.68</ymin>
      <xmax>1026.4</xmax>
      <ymax>1171.43</ymax>
    </bndbox>
    <attributes>
      <attribute>
        <name>Name</name>
        <value>Kant</value>
      </attribute>
      <attribute>
        <name>rotation</name>
        <value>0.0</value>
      </attribute>
    </attributes>
  </object>
  <object>
    <name>schueler_vorname</name>
    <truncated>0</truncated>
    <occluded>0</occluded>
    <difficult>0</difficult>
    <bndbox>
      <xmin>298.99</xmin>
      <ymin>1173.65</ymin>
      <xmax>1033.05</xmax>
      <ymax>1226.87</ymax>
    </bndbox>
    <attributes>
      <attribute>
        <name>Vorname</name>
        <value>Gerta</value>
      </attribute>
      <attribute>
        <name>rotation</name>
        <value>0.0</value>
      </attribute>
    </attributes>
  </object>
  <object>
    <name>schueler_klasse</name>
    <truncated>0</truncated>
    <occluded>0</occluded>
    <difficult>0</difficult>
    <bndbox>
      <xmin>301.21</xmin>
      <ymin>1233.53</ymin>
      <xmax>1030.83</xmax>
      <ymax>1288.97</ymax>
    </bndbox>
    <attributes>
      <attribute>
        <name>Klasse</name>
        <value>8D</value>
      </attribute>
      <attribute>
        <name>rotation</name>
        <value>0.0</value>
      </attribute>
    </attributes>
  </object>
  <object>
    <name>ad_neue_ad</name>
    <truncated>0</truncated>
    <occluded>0</occluded>
    <difficult>0</difficult>
    <bndbox>
      <xmin>114.93</xmin>
      <ymin>1320.02</ymin>
      <xmax>1166.11</xmax>
      <ymax>1566.18</ymax>
    </bndbox>
    <attributes>
      <attribute>
        <name>rotation</name>
        <value>0.0</value>
      </attribute>
    </attributes>
  </object>
  <object>
    <name>ad_neue_ad_str_haus_nr</name>
    <truncated>0</truncated>
    <occluded>0</occluded>
    <difficult>0</difficult>
    <bndbox>
      <xmin>165.93</xmin>
      <ymin>1357.72</ymin>
      <xmax>1039.7</xmax>
      <ymax>1430.9</ymax>
    </bndbox>
    <attributes>
      <attribute>
        <name>Strasse_und_Hausnummer</name>
        <value>Rembrandtstraße 29</value>
      </attribute>
      <attribute>
        <name>rotation</name>
        <value>0.0</value>
      </attribute>
    </attributes>
  </object>
  <object>
    <name>ad_neue_ad_plz</name>
    <truncated>0</truncated>
    <occluded>0</occluded>
    <difficult>0</difficult>
    <bndbox>
      <xmin>276.82</xmin>
      <ymin>1433.12</ymin>
      <xmax>1035.27</xmax>
      <ymax>1484.13</ymax>
    </bndbox>
    <attributes>
      <attribute>
        <name>PLZ</name>
        <value>28209</value>
      </attribute>
      <attribute>
        <name>rotation</name>
        <value>0.0</value>
      </attribute>
    </attributes>
  </object>
  <object>
    <name>ad_neue_ad_stadt</name>
    <truncated>0</truncated>
    <occluded>0</occluded>
    <difficult>0</difficult>
    <bndbox>
      <xmin>332.26</xmin>
      <ymin>1490.78</ymin>
      <xmax>1033.05</xmax>
      <ymax>1550.66</ymax>
    </bndbox>
    <attributes>
      <attribute>
        <name>Stadt</name>
        <value>Bremen</value>
      </attribute>
      <attribute>
        <name>rotation</name>
        <value>0.0</value>
      </attribute>
    </attributes>
  </object>
  <object>
    <name>ad_unterschrift</name>
    <truncated>0</truncated>
    <occluded>0</occluded>
    <difficult>0</difficult>
    <bndbox>
      <xmin>123.8</xmin>
      <ymin>1710.33</ymin>
      <xmax>1339.09</xmax>
      <ymax>1843.39</ymax>
    </bndbox>
    <attributes>
      <attribute>
        <name>rotation</name>
        <value>0.0</value>
      </attribute>
    </attributes>
  </object>
  <object>
    <name>ad_schueler_unterschrift</name>
    <truncated>0</truncated>
    <occluded>0</occluded>
    <difficult>0</difficult>
    <bndbox>
      <xmin>290.12</xmin>
      <ymin>1719.2</ymin>
      <xmax>820.15</xmax>
      <ymax>1834.52</ymax>
    </bndbox>
    <attributes>
      <attribute>
        <name>Unterschrift</name>
        <value>Kant</value>
      </attribute>
      <attribute>
        <name>rotation</name>
        <value>0.0</value>
      </attribute>
    </attributes>
  </object>
  <object>
    <name>ad_schueler_datum</name>
    <truncated>0</truncated>
    <occluded>0</occluded>
    <difficult>0</difficult>
    <bndbox>
      <xmin>959.87</xmin>
      <ymin>1714.77</ymin>
      <xmax>1325.78</xmax>
      <ymax>1807.91</ymax>
    </bndbox>
    <attributes>
      <attribute>
        <name>Datum</name>
        <value>23.04.2024</value>
      </attribute>
      <attribute>
        <name>rotation</name>
        <value>0.0</value>
      </attribute>
    </attributes>
  </object>
</annotation>
