<annotation>
  <folder></folder>
  <filename>AD_017.jpg</filename>
  <source>
    <database>Unknown</database>
    <annotation>Unknown</annotation>
    <image>Unknown</image>
  </source>
  <size>
    <width>2546</width>
    <height>3632</height>
    <depth></depth>
  </size>
  <segmented>0</segmented>
  <object>
    <name>adress_aend</name>
    <truncated>0</truncated>
    <occluded>0</occluded>
    <difficult>0</difficult>
    <bndbox>
      <xmin>544.6</xmin>
      <ymin>719.75</ymin>
      <xmax>2046.35</xmax>
      <ymax>876.25</ymax>
    </bndbox>
    <attributes>
      <attribute>
        <name>rotation</name>
        <value>358.4</value>
      </attribute>
    </attributes>
  </object>
  <object>
    <name>ad_neue_ad</name>
    <truncated>0</truncated>
    <occluded>0</occluded>
    <difficult>0</difficult>
    <bndbox>
      <xmin>379.1</xmin>
      <ymin>2450.5</ymin>
      <xmax>2025.2999999999997</xmax>
      <ymax>2871.83</ymax>
    </bndbox>
    <attributes>
      <attribute>
        <name>rotation</name>
        <value>358.69999999999993</value>
      </attribute>
    </attributes>
  </object>
  <object>
    <name>ad_erzieher</name>
    <truncated>0</truncated>
    <occluded>0</occluded>
    <difficult>0</difficult>
    <bndbox>
      <xmin>505.47</xmin>
      <ymin>1384.86</ymin>
      <xmax>2004.22</xmax>
      <ymax>1935.6</ymax>
    </bndbox>
    <attributes>
      <attribute>
        <name>rotation</name>
        <value>357.8</value>
      </attribute>
    </attributes>
  </object>
  <object>
    <name>schueler</name>
    <truncated>0</truncated>
    <occluded>0</occluded>
    <difficult>0</difficult>
    <bndbox>
      <xmin>625.85</xmin>
      <ymin>1965.69</ymin>
      <xmax>2010.2399999999998</xmax>
      <ymax>2417.12</ymax>
    </bndbox>
    <attributes>
      <attribute>
        <name>rotation</name>
        <value>358.6</value>
      </attribute>
    </attributes>
  </object>
  <object>
    <name>ad_neue_ad_stadt</name>
    <truncated>0</truncated>
    <occluded>0</occluded>
    <difficult>0</difficult>
    <bndbox>
      <xmin>698.08</xmin>
      <ymin>2748.17</ymin>
      <xmax>2010.2399999999998</xmax>
      <ymax>2850.49</ymax>
    </bndbox>
    <attributes>
      <attribute>
        <name>Stadt</name>
        <value>Bremen</value>
      </attribute>
      <attribute>
        <name>rotation</name>
        <value>358.5</value>
      </attribute>
    </attributes>
  </object>
  <object>
    <name>ad_unterschrift</name>
    <truncated>0</truncated>
    <occluded>0</occluded>
    <difficult>0</difficult>
    <bndbox>
      <xmin>621.96</xmin>
      <ymin>3169.52</ymin>
      <xmax>2478.84</xmax>
      <ymax>3395.31</ymax>
    </bndbox>
    <attributes>
      <attribute>
        <name>rotation</name>
        <value>358.4</value>
      </attribute>
    </attributes>
  </object>
  <object>
    <name>ad_erzieher_name</name>
    <truncated>0</truncated>
    <occluded>0</occluded>
    <difficult>0</difficult>
    <bndbox>
      <xmin>640.91</xmin>
      <ymin>1478.71</ymin>
      <xmax>1976.9099999999999</xmax>
      <ymax>1593.07</ymax>
    </bndbox>
    <attributes>
      <attribute>
        <name>Name</name>
        <value>Linke</value>
      </attribute>
      <attribute>
        <name>rotation</name>
        <value>357.8999999999999</value>
      </attribute>
    </attributes>
  </object>
  <object>
    <name>ad_erzieher_vorname</name>
    <truncated>0</truncated>
    <occluded>0</occluded>
    <difficult>0</difficult>
    <bndbox>
      <xmin>619.85</xmin>
      <ymin>1587.3</ymin>
      <xmax>1986.21</xmax>
      <ymax>1701.66</ymax>
    </bndbox>
    <attributes>
      <attribute>
        <name>Vorname</name>
        <value>René</value>
      </attribute>
      <attribute>
        <name>rotation</name>
        <value>358.3</value>
      </attribute>
    </attributes>
  </object>
  <object>
    <name>ad_erzieher_tel</name>
    <truncated>0</truncated>
    <occluded>0</occluded>
    <difficult>0</difficult>
    <bndbox>
      <xmin>511.48</xmin>
      <ymin>1694.25</ymin>
      <xmax>1992.19</xmax>
      <ymax>1796.57</ymax>
    </bndbox>
    <attributes>
      <attribute>
        <name>Telefonnummer</name>
        <value>5246087</value>
      </attribute>
      <attribute>
        <name>rotation</name>
        <value>358.4</value>
      </attribute>
    </attributes>
  </object>
  <object>
    <name>ad_erzieher_email</name>
    <truncated>0</truncated>
    <occluded>0</occluded>
    <difficult>0</difficult>
    <bndbox>
      <xmin>655.5</xmin>
      <ymin>1788.24</ymin>
      <xmax>1991.6</xmax>
      <ymax>1911.71</ymax>
    </bndbox>
    <attributes>
      <attribute>
        <name>Email</name>
        <value>linke-r@gmx.de</value>
      </attribute>
      <attribute>
        <name>rotation</name>
        <value>358.1</value>
      </attribute>
    </attributes>
  </object>
  <object>
    <name>schueler_name</name>
    <truncated>0</truncated>
    <occluded>0</occluded>
    <difficult>0</difficult>
    <bndbox>
      <xmin>671.31</xmin>
      <ymin>2052.9</ymin>
      <xmax>1989.48</xmax>
      <ymax>2176.5</ymax>
    </bndbox>
    <attributes>
      <attribute>
        <name>Name</name>
        <value>Linke</value>
      </attribute>
      <attribute>
        <name>rotation</name>
        <value>358.3</value>
      </attribute>
    </attributes>
  </object>
  <object>
    <name>schueler_vorname</name>
    <truncated>0</truncated>
    <occluded>0</occluded>
    <difficult>0</difficult>
    <bndbox>
      <xmin>634.89</xmin>
      <ymin>2161.61</ymin>
      <xmax>1995.21</xmax>
      <ymax>2272.97</ymax>
    </bndbox>
    <attributes>
      <attribute>
        <name>Vorname</name>
        <value>Alicja</value>
      </attribute>
      <attribute>
        <name>rotation</name>
        <value>357.69999999999993</value>
      </attribute>
    </attributes>
  </object>
  <object>
    <name>schueler_klasse</name>
    <truncated>0</truncated>
    <occluded>0</occluded>
    <difficult>0</difficult>
    <bndbox>
      <xmin>674.01</xmin>
      <ymin>2269.66</ymin>
      <xmax>2001.21</xmax>
      <ymax>2384.02</ymax>
    </bndbox>
    <attributes>
      <attribute>
        <name>Klasse</name>
        <value>8D</value>
      </attribute>
      <attribute>
        <name>rotation</name>
        <value>357.9</value>
      </attribute>
    </attributes>
  </object>
  <object>
    <name>ad_neue_ad_str_haus_nr</name>
    <truncated>0</truncated>
    <occluded>0</occluded>
    <difficult>0</difficult>
    <bndbox>
      <xmin>385.09</xmin>
      <ymin>2522.46</ymin>
      <xmax>2013.24</xmax>
      <ymax>2645.85</ymax>
    </bndbox>
    <attributes>
      <attribute>
        <name>Strasse_und_Hausnummer</name>
        <value>Petershagener Straße 13</value>
      </attribute>
      <attribute>
        <name>rotation</name>
        <value>357.8</value>
      </attribute>
    </attributes>
  </object>
  <object>
    <name>ad_neue_ad_plz</name>
    <truncated>0</truncated>
    <occluded>0</occluded>
    <difficult>0</difficult>
    <bndbox>
      <xmin>611.0</xmin>
      <ymin>2648.85</ymin>
      <xmax>2016.45</xmax>
      <ymax>2751.2</ymax>
    </bndbox>
    <attributes>
      <attribute>
        <name>PLZ</name>
        <value>28207</value>
      </attribute>
      <attribute>
        <name>rotation</name>
        <value>357.50000000000006</value>
      </attribute>
    </attributes>
  </object>
  <object>
    <name>ad_schueler_unterschrift</name>
    <truncated>0</truncated>
    <occluded>0</occluded>
    <difficult>0</difficult>
    <bndbox>
      <xmin>631.87</xmin>
      <ymin>3202.61</ymin>
      <xmax>1631.04</xmax>
      <ymax>3371.14</ymax>
    </bndbox>
    <attributes>
      <attribute>
        <name>Unterschrift</name>
        <value>Linke</value>
      </attribute>
      <attribute>
        <name>rotation</name>
        <value>358.4</value>
      </attribute>
    </attributes>
  </object>
  <object>
    <name>ad_datum</name>
    <truncated>0</truncated>
    <occluded>0</occluded>
    <difficult>0</difficult>
    <bndbox>
      <xmin>1895.87</xmin>
      <ymin>3154.46</ymin>
      <xmax>2461.67</xmax>
      <ymax>3289.88</ymax>
    </bndbox>
    <attributes>
      <attribute>
        <name>Datum</name>
        <value>07.04.2024</value>
      </attribute>
      <attribute>
        <name>rotation</name>
        <value>358.3</value>
      </attribute>
    </attributes>
  </object>
</annotation>
