<annotation>
  <folder></folder>
  <filename>AD_019.jpeg</filename>
  <source>
    <database>Unknown</database>
    <annotation>Unknown</annotation>
    <image>Unknown</image>
  </source>
  <size>
    <width>2673</width>
    <height>3814</height>
    <depth></depth>
  </size>
  <segmented>0</segmented>
  <object>
    <name>schueler_klasse</name>
    <truncated>0</truncated>
    <occluded>0</occluded>
    <difficult>0</difficult>
    <bndbox>
      <xmin>650.21</xmin>
      <ymin>2359.54</ymin>
      <xmax>2055.46</xmax>
      <ymax>2472.34</ymax>
    </bndbox>
    <attributes>
      <attribute>
        <name>Klasse</name>
        <value>6B</value>
      </attribute>
      <attribute>
        <name>rotation</name>
        <value>0.0</value>
      </attribute>
    </attributes>
  </object>
  <object>
    <name>adress_aend</name>
    <truncated>0</truncated>
    <occluded>0</occluded>
    <difficult>0</difficult>
    <bndbox>
      <xmin>552.2</xmin>
      <ymin>755.08</ymin>
      <xmax>2116.57</xmax>
      <ymax>903.85</ymax>
    </bndbox>
    <attributes>
      <attribute>
        <name>rotation</name>
        <value>0.0</value>
      </attribute>
    </attributes>
  </object>
  <object>
    <name>ad_erzieher</name>
    <truncated>0</truncated>
    <occluded>0</occluded>
    <difficult>0</difficult>
    <bndbox>
      <xmin>480.07</xmin>
      <ymin>1449.35</ymin>
      <xmax>2066.98</xmax>
      <ymax>1985.83</ymax>
    </bndbox>
    <attributes>
      <attribute>
        <name>rotation</name>
        <value>0.0</value>
      </attribute>
    </attributes>
  </object>
  <object>
    <name>ad_neue_ad</name>
    <truncated>0</truncated>
    <occluded>0</occluded>
    <difficult>0</difficult>
    <bndbox>
      <xmin>344.82</xmin>
      <ymin>2558.38</ymin>
      <xmax>2066.98</xmax>
      <ymax>2986.67</ymax>
    </bndbox>
    <attributes>
      <attribute>
        <name>rotation</name>
        <value>0.0</value>
      </attribute>
    </attributes>
  </object>
  <object>
    <name>ad_unterschrift</name>
    <truncated>0</truncated>
    <occluded>0</occluded>
    <difficult>0</difficult>
    <bndbox>
      <xmin>592.78</xmin>
      <ymin>3333.81</ymin>
      <xmax>2508.79</xmax>
      <ymax>3541.19</ymax>
    </bndbox>
    <attributes>
      <attribute>
        <name>rotation</name>
        <value>0.0</value>
      </attribute>
    </attributes>
  </object>
  <object>
    <name>schueler</name>
    <truncated>0</truncated>
    <occluded>0</occluded>
    <difficult>0</difficult>
    <bndbox>
      <xmin>603.21</xmin>
      <ymin>2049.35</ymin>
      <xmax>2064.86</xmax>
      <ymax>2481.74</ymax>
    </bndbox>
    <attributes>
      <attribute>
        <name>rotation</name>
        <value>0.0</value>
      </attribute>
    </attributes>
  </object>
  <object>
    <name>ad_erzieher_name</name>
    <truncated>0</truncated>
    <occluded>0</occluded>
    <difficult>0</difficult>
    <bndbox>
      <xmin>650.21</xmin>
      <ymin>1551.17</ymin>
      <xmax>2041.36</xmax>
      <ymax>1649.87</ymax>
    </bndbox>
    <attributes>
      <attribute>
        <name>Name</name>
        <value>Hillebrand</value>
      </attribute>
      <attribute>
        <name>rotation</name>
        <value>0.0</value>
      </attribute>
    </attributes>
  </object>
  <object>
    <name>ad_erzieher_vorname</name>
    <truncated>0</truncated>
    <occluded>0</occluded>
    <difficult>0</difficult>
    <bndbox>
      <xmin>603.21</xmin>
      <ymin>1654.57</ymin>
      <xmax>2036.66</xmax>
      <ymax>1757.96</ymax>
    </bndbox>
    <attributes>
      <attribute>
        <name>Vorname</name>
        <value>Stefan</value>
      </attribute>
      <attribute>
        <name>rotation</name>
        <value>0.0</value>
      </attribute>
    </attributes>
  </object>
  <object>
    <name>schueler_name</name>
    <truncated>0</truncated>
    <occluded>0</occluded>
    <difficult>0</difficult>
    <bndbox>
      <xmin>654.91</xmin>
      <ymin>2138.65</ymin>
      <xmax>2050.76</xmax>
      <ymax>2260.85</ymax>
    </bndbox>
    <attributes>
      <attribute>
        <name>Name</name>
        <value>Hillebrand</value>
      </attribute>
      <attribute>
        <name>rotation</name>
        <value>0.0</value>
      </attribute>
    </attributes>
  </object>
  <object>
    <name>schueler_vorname</name>
    <truncated>0</truncated>
    <occluded>0</occluded>
    <difficult>0</difficult>
    <bndbox>
      <xmin>607.91</xmin>
      <ymin>2251.45</ymin>
      <xmax>2041.3599999999997</xmax>
      <ymax>2354.84</ymax>
    </bndbox>
    <attributes>
      <attribute>
        <name>Vorname</name>
        <value>Lina</value>
      </attribute>
      <attribute>
        <name>rotation</name>
        <value>0.0</value>
      </attribute>
    </attributes>
  </object>
  <object>
    <name>ad_erzieher_tel</name>
    <truncated>0</truncated>
    <occluded>0</occluded>
    <difficult>0</difficult>
    <bndbox>
      <xmin>499.82</xmin>
      <ymin>1762.66</ymin>
      <xmax>2036.66</xmax>
      <ymax>1866.06</ymax>
    </bndbox>
    <attributes>
      <attribute>
        <name>Telefonnummer</name>
        <value>1790347</value>
      </attribute>
      <attribute>
        <name>rotation</name>
        <value>0.0</value>
      </attribute>
    </attributes>
  </object>
  <object>
    <name>ad_erzieher_email</name>
    <truncated>0</truncated>
    <occluded>0</occluded>
    <difficult>0</difficult>
    <bndbox>
      <xmin>640.81</xmin>
      <ymin>1861.36</ymin>
      <xmax>2050.76</xmax>
      <ymax>1964.76</ymax>
    </bndbox>
    <attributes>
      <attribute>
        <name>Email</name>
        <value>hillebrand74@web.de</value>
      </attribute>
      <attribute>
        <name>rotation</name>
        <value>0.0</value>
      </attribute>
    </attributes>
  </object>
  <object>
    <name>ad_neue_ad_str_haus_nr</name>
    <truncated>0</truncated>
    <occluded>0</occluded>
    <difficult>0</difficult>
    <bndbox>
      <xmin>349.42</xmin>
      <ymin>2636.83</ymin>
      <xmax>2060.16</xmax>
      <ymax>2763.73</ymax>
    </bndbox>
    <attributes>
      <attribute>
        <name>Strasse_und_Hausnummer</name>
        <value>Mittelsbüren 35</value>
      </attribute>
      <attribute>
        <name>rotation</name>
        <value>0.0</value>
      </attribute>
    </attributes>
  </object>
  <object>
    <name>ad_neue_ad_plz</name>
    <truncated>0</truncated>
    <occluded>0</occluded>
    <difficult>0</difficult>
    <bndbox>
      <xmin>579.71</xmin>
      <ymin>2763.73</ymin>
      <xmax>2046.06</xmax>
      <ymax>2862.42</ymax>
    </bndbox>
    <attributes>
      <attribute>
        <name>PLZ</name>
        <value>28719</value>
      </attribute>
      <attribute>
        <name>rotation</name>
        <value>0.0</value>
      </attribute>
    </attributes>
  </object>
  <object>
    <name>ad_neue_ad_stadt</name>
    <truncated>0</truncated>
    <occluded>0</occluded>
    <difficult>0</difficult>
    <bndbox>
      <xmin>673.71</xmin>
      <ymin>2871.82</ymin>
      <xmax>2060.16</xmax>
      <ymax>2970.52</ymax>
    </bndbox>
    <attributes>
      <attribute>
        <name>Stadt</name>
        <value>Bremen</value>
      </attribute>
      <attribute>
        <name>rotation</name>
        <value>0.0</value>
      </attribute>
    </attributes>
  </object>
  <object>
    <name>ad_schueler_unterschrift</name>
    <truncated>0</truncated>
    <occluded>0</occluded>
    <difficult>0</difficult>
    <bndbox>
      <xmin>596.51</xmin>
      <ymin>3351.21</ymin>
      <xmax>1616.38</xmax>
      <ymax>3482.8</ymax>
    </bndbox>
    <attributes>
      <attribute>
        <name>Unterschrift</name>
        <value>S. Hillebrand</value>
      </attribute>
      <attribute>
        <name>rotation</name>
        <value>0.0</value>
      </attribute>
    </attributes>
  </object>
  <object>
    <name>ad_schueler_datum</name>
    <truncated>0</truncated>
    <occluded>0</occluded>
    <difficult>0</difficult>
    <bndbox>
      <xmin>1942.67</xmin>
      <ymin>3346.51</ymin>
      <xmax>2516.05</xmax>
      <ymax>3459.3</ymax>
    </bndbox>
    <attributes>
      <attribute>
        <name>Datum</name>
        <value>20.04.2024</value>
      </attribute>
      <attribute>
        <name>rotation</name>
        <value>0.0</value>
      </attribute>
    </attributes>
  </object>
</annotation>
