<annotation>
  <folder></folder>
  <filename>AD_014.jpg</filename>
  <source>
    <database>Unknown</database>
    <annotation>Unknown</annotation>
    <image>Unknown</image>
  </source>
  <size>
    <width>2403</width>
    <height>3428</height>
    <depth></depth>
  </size>
  <segmented>0</segmented>
  <object>
    <name>schueler</name>
    <truncated>0</truncated>
    <occluded>0</occluded>
    <difficult>0</difficult>
    <bndbox>
      <xmin>515.4</xmin>
      <ymin>1838.92</ymin>
      <xmax>1838.2600000000002</xmax>
      <ymax>2236.21</ymax>
    </bndbox>
    <attributes>
      <attribute>
        <name>rotation</name>
        <value>358.4</value>
      </attribute>
    </attributes>
  </object>
  <object>
    <name>ad_erzieher</name>
    <truncated>0</truncated>
    <occluded>0</occluded>
    <difficult>0</difficult>
    <bndbox>
      <xmin>388.99</xmin>
      <ymin>1301.05</ymin>
      <xmax>1818.06</xmax>
      <ymax>1785.55</ymax>
    </bndbox>
    <attributes>
      <attribute>
        <name>rotation</name>
        <value>357.8</value>
      </attribute>
    </attributes>
  </object>
  <object>
    <name>ad_neue_ad_stadt</name>
    <truncated>0</truncated>
    <occluded>0</occluded>
    <difficult>0</difficult>
    <bndbox>
      <xmin>606.75</xmin>
      <ymin>2558.88</ymin>
      <xmax>1847.79</xmax>
      <ymax>2675.26</ymax>
    </bndbox>
    <attributes>
      <attribute>
        <name>Stadt</name>
        <value>Bremen</value>
      </attribute>
      <attribute>
        <name>rotation</name>
        <value>357.8</value>
      </attribute>
    </attributes>
  </object>
  <object>
    <name>ad_neue_ad</name>
    <truncated>0</truncated>
    <occluded>0</occluded>
    <difficult>0</difficult>
    <bndbox>
      <xmin>319.29</xmin>
      <ymin>2288.94</ymin>
      <xmax>1851.7</xmax>
      <ymax>2687.4</ymax>
    </bndbox>
    <attributes>
      <attribute>
        <name>rotation</name>
        <value>358.0</value>
      </attribute>
    </attributes>
  </object>
  <object>
    <name>ad_unterschrift</name>
    <truncated>0</truncated>
    <occluded>0</occluded>
    <difficult>0</difficult>
    <bndbox>
      <xmin>544.89</xmin>
      <ymin>2954.81</ymin>
      <xmax>2251.55</xmax>
      <ymax>3167.85</ymax>
    </bndbox>
    <attributes>
      <attribute>
        <name>rotation</name>
        <value>358.3</value>
      </attribute>
    </attributes>
  </object>
  <object>
    <name>schueler_vorname</name>
    <truncated>0</truncated>
    <occluded>0</occluded>
    <difficult>0</difficult>
    <bndbox>
      <xmin>578.51</xmin>
      <ymin>1913.69</ymin>
      <xmax>1825.95</xmax>
      <ymax>2020.28</ymax>
    </bndbox>
    <attributes>
      <attribute>
        <name>Vorname</name>
        <value>Huber</value>
      </attribute>
      <attribute>
        <name>rotation</name>
        <value>357.69999999999993</value>
      </attribute>
    </attributes>
  </object>
  <object>
    <name>schueler_name</name>
    <truncated>0</truncated>
    <occluded>0</occluded>
    <difficult>0</difficult>
    <bndbox>
      <xmin>534.38</xmin>
      <ymin>2025.0</ymin>
      <xmax>1824.4300000000003</xmax>
      <ymax>2117.21</ymax>
    </bndbox>
    <attributes>
      <attribute>
        <name>Name</name>
        <value>Patrick</value>
      </attribute>
      <attribute>
        <name>rotation</name>
        <value>357.8999999999999</value>
      </attribute>
    </attributes>
  </object>
  <object>
    <name>schueler_klasse</name>
    <truncated>0</truncated>
    <occluded>0</occluded>
    <difficult>0</difficult>
    <bndbox>
      <xmin>575.66</xmin>
      <ymin>2114.97</ymin>
      <xmax>1832.58</xmax>
      <ymax>2207.29</ymax>
    </bndbox>
    <attributes>
      <attribute>
        <name>Klasse</name>
        <value>6B</value>
      </attribute>
      <attribute>
        <name>rotation</name>
        <value>357.4</value>
      </attribute>
    </attributes>
  </object>
  <object>
    <name>ad_erzieher_name</name>
    <truncated>0</truncated>
    <occluded>0</occluded>
    <difficult>0</difficult>
    <bndbox>
      <xmin>560.87</xmin>
      <ymin>1359.05</ymin>
      <xmax>1798.4699999999998</xmax>
      <ymax>1474.98</ymax>
    </bndbox>
    <attributes>
      <attribute>
        <name>Name</name>
        <value>Huber</value>
      </attribute>
      <attribute>
        <name>rotation</name>
        <value>357.4</value>
      </attribute>
    </attributes>
  </object>
  <object>
    <name>ad_erzieher_vorname</name>
    <truncated>0</truncated>
    <occluded>0</occluded>
    <difficult>0</difficult>
    <bndbox>
      <xmin>511.75</xmin>
      <ymin>1475.86</ymin>
      <xmax>1801.81</xmax>
      <ymax>1582.38</ymax>
    </bndbox>
    <attributes>
      <attribute>
        <name>Vorname</name>
        <value>Jan</value>
      </attribute>
      <attribute>
        <name>rotation</name>
        <value>358.0</value>
      </attribute>
    </attributes>
  </object>
  <object>
    <name>ad_erzieher_tel</name>
    <truncated>0</truncated>
    <occluded>0</occluded>
    <difficult>0</difficult>
    <bndbox>
      <xmin>413.04</xmin>
      <ymin>1575.48</ymin>
      <xmax>1812.95</xmax>
      <ymax>1676.93</ymax>
    </bndbox>
    <attributes>
      <attribute>
        <name>Telefonnummer</name>
        <value>4650819</value>
      </attribute>
      <attribute>
        <name>rotation</name>
        <value>357.4</value>
      </attribute>
    </attributes>
  </object>
  <object>
    <name>ad_erzieher_email</name>
    <truncated>0</truncated>
    <occluded>0</occluded>
    <difficult>0</difficult>
    <bndbox>
      <xmin>552.0</xmin>
      <ymin>1679.95</ymin>
      <xmax>1820.71</xmax>
      <ymax>1769.9</ymax>
    </bndbox>
    <attributes>
      <attribute>
        <name>Email</name>
        <value>huberj@gmx.de</value>
      </attribute>
      <attribute>
        <name>rotation</name>
        <value>357.8999999999999</value>
      </attribute>
    </attributes>
  </object>
  <object>
    <name>ad_neue_ad_plz</name>
    <truncated>0</truncated>
    <occluded>0</occluded>
    <difficult>0</difficult>
    <bndbox>
      <xmin>499.67</xmin>
      <ymin>2474.38</ymin>
      <xmax>1838.85</xmax>
      <ymax>2563.11</ymax>
    </bndbox>
    <attributes>
      <attribute>
        <name>PLZ</name>
        <value>28211</value>
      </attribute>
      <attribute>
        <name>rotation</name>
        <value>358.0</value>
      </attribute>
    </attributes>
  </object>
  <object>
    <name>ad_schueler_unterschrift</name>
    <truncated>0</truncated>
    <occluded>0</occluded>
    <difficult>0</difficult>
    <bndbox>
      <xmin>549.86</xmin>
      <ymin>3002.14</ymin>
      <xmax>1482.49</xmax>
      <ymax>3155.79</ymax>
    </bndbox>
    <attributes>
      <attribute>
        <name>Unterschrift</name>
        <value>Huber</value>
      </attribute>
      <attribute>
        <name>rotation</name>
        <value>357.69999999999993</value>
      </attribute>
    </attributes>
  </object>
  <object>
    <name>ad_datum</name>
    <truncated>0</truncated>
    <occluded>0</occluded>
    <difficult>0</difficult>
    <bndbox>
      <xmin>1752.0</xmin>
      <ymin>2950.23</ymin>
      <xmax>2246.82</xmax>
      <ymax>3089.89</ymax>
    </bndbox>
    <attributes>
      <attribute>
        <name>Datum</name>
        <value>13.04.2024</value>
      </attribute>
      <attribute>
        <name>rotation</name>
        <value>358.5</value>
      </attribute>
    </attributes>
  </object>
  <object>
    <name>ad_neue_ad_str_haus_nr</name>
    <truncated>0</truncated>
    <occluded>0</occluded>
    <difficult>0</difficult>
    <bndbox>
      <xmin>318.05</xmin>
      <ymin>2356.77</ymin>
      <xmax>1843.09</xmax>
      <ymax>2473.15</ymax>
    </bndbox>
    <attributes>
      <attribute>
        <name>Strasse_und_Hausnummer</name>
        <value>Geisbergstraße 5</value>
      </attribute>
      <attribute>
        <name>rotation</name>
        <value>358.3</value>
      </attribute>
    </attributes>
  </object>
</annotation>
