<annotation>
  <folder></folder>
  <filename>AD_018.jpeg</filename>
  <source>
    <database>Unknown</database>
    <annotation>Unknown</annotation>
    <image>Unknown</image>
  </source>
  <size>
    <width>2685</width>
    <height>3789</height>
    <depth></depth>
  </size>
  <segmented>0</segmented>
  <object>
    <name>schueler_klasse</name>
    <truncated>0</truncated>
    <occluded>0</occluded>
    <difficult>0</difficult>
    <bndbox>
      <xmin>674.88</xmin>
      <ymin>2351.06</ymin>
      <xmax>2042.9100000000003</xmax>
      <ymax>2453.78</ymax>
    </bndbox>
    <attributes>
      <attribute>
        <name>Klasse</name>
        <value>6B</value>
      </attribute>
      <attribute>
        <name>rotation</name>
        <value>0.0</value>
      </attribute>
    </attributes>
  </object>
  <object>
    <name>ad_erzieher_tel</name>
    <truncated>0</truncated>
    <occluded>0</occluded>
    <difficult>0</difficult>
    <bndbox>
      <xmin>511.47</xmin>
      <ymin>1744.09</ymin>
      <xmax>2047.58</xmax>
      <ymax>1856.15</ymax>
    </bndbox>
    <attributes>
      <attribute>
        <name>Telefonnummer</name>
        <value>5385826</value>
      </attribute>
      <attribute>
        <name>rotation</name>
        <value>0.0</value>
      </attribute>
    </attributes>
  </object>
  <object>
    <name>ad_erzieher_email</name>
    <truncated>0</truncated>
    <occluded>0</occluded>
    <difficult>0</difficult>
    <bndbox>
      <xmin>670.21</xmin>
      <ymin>1860.82</ymin>
      <xmax>2038.24</xmax>
      <ymax>1963.53</ymax>
    </bndbox>
    <attributes>
      <attribute>
        <name>Email</name>
        <value>fuchs-frank-christiane@web.de</value>
      </attribute>
      <attribute>
        <name>rotation</name>
        <value>0.0</value>
      </attribute>
    </attributes>
  </object>
  <object>
    <name>ad_neue_ad_str_haus_nr</name>
    <truncated>0</truncated>
    <occluded>0</occluded>
    <difficult>0</difficult>
    <bndbox>
      <xmin>371.39</xmin>
      <ymin>2621.87</ymin>
      <xmax>2038.2399999999998</xmax>
      <ymax>2738.59</ymax>
    </bndbox>
    <attributes>
      <attribute>
        <name>Strasse_und_Hausnummer</name>
        <value>Hebbelstraße 2</value>
      </attribute>
      <attribute>
        <name>rotation</name>
        <value>0.0</value>
      </attribute>
    </attributes>
  </object>
  <object>
    <name>ad_neue_ad_plz</name>
    <truncated>0</truncated>
    <occluded>0</occluded>
    <difficult>0</difficult>
    <bndbox>
      <xmin>590.84</xmin>
      <ymin>2740.58</ymin>
      <xmax>2042.9100000000003</xmax>
      <ymax>2838.63</ymax>
    </bndbox>
    <attributes>
      <attribute>
        <name>PLZ</name>
        <value>28755</value>
      </attribute>
      <attribute>
        <name>rotation</name>
        <value>0.0</value>
      </attribute>
    </attributes>
  </object>
  <object>
    <name>ad_unterschrift</name>
    <truncated>0</truncated>
    <occluded>0</occluded>
    <difficult>0</difficult>
    <bndbox>
      <xmin>590.28</xmin>
      <ymin>3314.24</ymin>
      <xmax>2502.7</xmax>
      <ymax>3511.31</ymax>
    </bndbox>
    <attributes>
      <attribute>
        <name>rotation</name>
        <value>0.0</value>
      </attribute>
    </attributes>
  </object>
  <object>
    <name>ad_neue_ad</name>
    <truncated>0</truncated>
    <occluded>0</occluded>
    <difficult>0</difficult>
    <bndbox>
      <xmin>357.39</xmin>
      <ymin>2539.42</ymin>
      <xmax>2059.3</xmax>
      <ymax>2973.86</ymax>
    </bndbox>
    <attributes>
      <attribute>
        <name>rotation</name>
        <value>0.0</value>
      </attribute>
    </attributes>
  </object>
  <object>
    <name>adress_aend</name>
    <truncated>0</truncated>
    <occluded>0</occluded>
    <difficult>0</difficult>
    <bndbox>
      <xmin>576.85</xmin>
      <ymin>756.89</ymin>
      <xmax>2122.01</xmax>
      <ymax>891.25</ymax>
    </bndbox>
    <attributes>
      <attribute>
        <name>rotation</name>
        <value>0.0</value>
      </attribute>
    </attributes>
  </object>
  <object>
    <name>ad_erzieher</name>
    <truncated>0</truncated>
    <occluded>0</occluded>
    <difficult>0</difficult>
    <bndbox>
      <xmin>500.71</xmin>
      <ymin>1424.22</ymin>
      <xmax>2050.35</xmax>
      <ymax>1984.06</ymax>
    </bndbox>
    <attributes>
      <attribute>
        <name>rotation</name>
        <value>0.0</value>
      </attribute>
    </attributes>
  </object>
  <object>
    <name>ad_schueler_datum</name>
    <truncated>0</truncated>
    <occluded>0</occluded>
    <difficult>0</difficult>
    <bndbox>
      <xmin>1935.52</xmin>
      <ymin>3312.88</ymin>
      <xmax>2472.46</xmax>
      <ymax>3420.27</ymax>
    </bndbox>
    <attributes>
      <attribute>
        <name>Datum</name>
        <value>19.04.2024</value>
      </attribute>
      <attribute>
        <name>rotation</name>
        <value>0.0</value>
      </attribute>
    </attributes>
  </object>
  <object>
    <name>ad_schueler_unterschrift</name>
    <truncated>0</truncated>
    <occluded>0</occluded>
    <difficult>0</difficult>
    <bndbox>
      <xmin>586.17</xmin>
      <ymin>3326.89</ymin>
      <xmax>1627.3600000000001</xmax>
      <ymax>3438.95</ymax>
    </bndbox>
    <attributes>
      <attribute>
        <name>Unterschrift</name>
        <value>C.Fuchs</value>
      </attribute>
      <attribute>
        <name>rotation</name>
        <value>0.0</value>
      </attribute>
    </attributes>
  </object>
  <object>
    <name>ad_neue_ad_stadt</name>
    <truncated>0</truncated>
    <occluded>0</occluded>
    <difficult>0</difficult>
    <bndbox>
      <xmin>688.89</xmin>
      <ymin>2850.65</ymin>
      <xmax>2061.58</xmax>
      <ymax>2962.71</ymax>
    </bndbox>
    <attributes>
      <attribute>
        <name>Stadt</name>
        <value>Bremen</value>
      </attribute>
      <attribute>
        <name>rotation</name>
        <value>0.0</value>
      </attribute>
    </attributes>
  </object>
  <object>
    <name>schueler</name>
    <truncated>0</truncated>
    <occluded>0</occluded>
    <difficult>0</difficult>
    <bndbox>
      <xmin>604.85</xmin>
      <ymin>2047.58</ymin>
      <xmax>2052.25</xmax>
      <ymax>2463.12</ymax>
    </bndbox>
    <attributes>
      <attribute>
        <name>rotation</name>
        <value>0.0</value>
      </attribute>
    </attributes>
  </object>
  <object>
    <name>ad_erzieher_name</name>
    <truncated>0</truncated>
    <occluded>0</occluded>
    <difficult>0</difficult>
    <bndbox>
      <xmin>656.21</xmin>
      <ymin>1519.98</ymin>
      <xmax>2033.57</xmax>
      <ymax>1632.03</ymax>
    </bndbox>
    <attributes>
      <attribute>
        <name>Name</name>
        <value>Fuchs</value>
      </attribute>
      <attribute>
        <name>rotation</name>
        <value>0.0</value>
      </attribute>
    </attributes>
  </object>
  <object>
    <name>ad_erzieher_vorname</name>
    <truncated>0</truncated>
    <occluded>0</occluded>
    <difficult>0</difficult>
    <bndbox>
      <xmin>623.52</xmin>
      <ymin>1641.37</ymin>
      <xmax>2038.24</xmax>
      <ymax>1744.09</ymax>
    </bndbox>
    <attributes>
      <attribute>
        <name>Vorname</name>
        <value>Christiane</value>
      </attribute>
      <attribute>
        <name>rotation</name>
        <value>0.0</value>
      </attribute>
    </attributes>
  </object>
  <object>
    <name>schueler_name</name>
    <truncated>0</truncated>
    <occluded>0</occluded>
    <difficult>0</difficult>
    <bndbox>
      <xmin>674.88</xmin>
      <ymin>2117.61</ymin>
      <xmax>2042.9100000000003</xmax>
      <ymax>2253.01</ymax>
    </bndbox>
    <attributes>
      <attribute>
        <name>Name</name>
        <value>Fuchs</value>
      </attribute>
      <attribute>
        <name>rotation</name>
        <value>0.0</value>
      </attribute>
    </attributes>
  </object>
  <object>
    <name>schueler_vorname</name>
    <truncated>0</truncated>
    <occluded>0</occluded>
    <difficult>0</difficult>
    <bndbox>
      <xmin>628.19</xmin>
      <ymin>2253.01</ymin>
      <xmax>2038.24</xmax>
      <ymax>2351.06</ymax>
    </bndbox>
    <attributes>
      <attribute>
        <name>Vorname</name>
        <value>Sönke</value>
      </attribute>
      <attribute>
        <name>rotation</name>
        <value>0.0</value>
      </attribute>
    </attributes>
  </object>
</annotation>
