<annotation>
  <folder></folder>
  <filename>AD_016.jpg</filename>
  <source>
    <database>Unknown</database>
    <annotation>Unknown</annotation>
    <image>Unknown</image>
  </source>
  <size>
    <width>2425</width>
    <height>3435</height>
    <depth></depth>
  </size>
  <segmented>0</segmented>
  <object>
    <name>adress_aend</name>
    <truncated>0</truncated>
    <occluded>0</occluded>
    <difficult>0</difficult>
    <bndbox>
      <xmin>470.01</xmin>
      <ymin>697.71</ymin>
      <xmax>1878.92</xmax>
      <ymax>811.56</ymax>
    </bndbox>
    <attributes>
      <attribute>
        <name>rotation</name>
        <value>0.0</value>
      </attribute>
    </attributes>
  </object>
  <object>
    <name>ad_erzieher</name>
    <truncated>0</truncated>
    <occluded>0</occluded>
    <difficult>0</difficult>
    <bndbox>
      <xmin>405.78</xmin>
      <ymin>1320.39</ymin>
      <xmax>1821.77</xmax>
      <ymax>1825.76</ymax>
    </bndbox>
    <attributes>
      <attribute>
        <name>rotation</name>
        <value>358.69999999999993</value>
      </attribute>
    </attributes>
  </object>
  <object>
    <name>schueler</name>
    <truncated>0</truncated>
    <occluded>0</occluded>
    <difficult>0</difficult>
    <bndbox>
      <xmin>511.99</xmin>
      <ymin>1877.44</ymin>
      <xmax>1845.0</xmax>
      <ymax>2285.41</ymax>
    </bndbox>
    <attributes>
      <attribute>
        <name>rotation</name>
        <value>358.4</value>
      </attribute>
    </attributes>
  </object>
  <object>
    <name>ad_neue_ad_stadt</name>
    <truncated>0</truncated>
    <occluded>0</occluded>
    <difficult>0</difficult>
    <bndbox>
      <xmin>564.17</xmin>
      <ymin>2607.85</ymin>
      <xmax>1804.79</xmax>
      <ymax>2724.08</ymax>
    </bndbox>
    <attributes>
      <attribute>
        <name>Stadt</name>
        <value>Bremen</value>
      </attribute>
      <attribute>
        <name>rotation</name>
        <value>358.59999999999997</value>
      </attribute>
    </attributes>
  </object>
  <object>
    <name>ad_neue_ad</name>
    <truncated>0</truncated>
    <occluded>0</occluded>
    <difficult>0</difficult>
    <bndbox>
      <xmin>274.33</xmin>
      <ymin>2318.9</ymin>
      <xmax>1825.6</xmax>
      <ymax>2729.69</ymax>
    </bndbox>
    <attributes>
      <attribute>
        <name>rotation</name>
        <value>358.99999999999994</value>
      </attribute>
    </attributes>
  </object>
  <object>
    <name>ad_unterschrift</name>
    <truncated>0</truncated>
    <occluded>0</occluded>
    <difficult>0</difficult>
    <bndbox>
      <xmin>469.3</xmin>
      <ymin>2999.89</ymin>
      <xmax>2236.37</xmax>
      <ymax>3225.22</ymax>
    </bndbox>
    <attributes>
      <attribute>
        <name>rotation</name>
        <value>358.2</value>
      </attribute>
    </attributes>
  </object>
  <object>
    <name>ad_erzieher_name</name>
    <truncated>0</truncated>
    <occluded>0</occluded>
    <difficult>0</difficult>
    <bndbox>
      <xmin>542.83</xmin>
      <ymin>1398.85</ymin>
      <xmax>1795.19</xmax>
      <ymax>1512.7</ymax>
    </bndbox>
    <attributes>
      <attribute>
        <name>Name</name>
        <value>Schubert</value>
      </attribute>
      <attribute>
        <name>rotation</name>
        <value>358.5</value>
      </attribute>
    </attributes>
  </object>
  <object>
    <name>ad_erzieher_vorname</name>
    <truncated>0</truncated>
    <occluded>0</occluded>
    <difficult>0</difficult>
    <bndbox>
      <xmin>498.03</xmin>
      <ymin>1505.58</ymin>
      <xmax>1821.55</xmax>
      <ymax>1605.5</ymax>
    </bndbox>
    <attributes>
      <attribute>
        <name>Vorname</name>
        <value>Thomas</value>
      </attribute>
      <attribute>
        <name>rotation</name>
        <value>357.8999999999999</value>
      </attribute>
    </attributes>
  </object>
  <object>
    <name>ad_erzieher_tel</name>
    <truncated>0</truncated>
    <occluded>0</occluded>
    <difficult>0</difficult>
    <bndbox>
      <xmin>409.77</xmin>
      <ymin>1602.68</ymin>
      <xmax>1792.57</xmax>
      <ymax>1699.9</ymax>
    </bndbox>
    <attributes>
      <attribute>
        <name>Telefonnummer</name>
        <value>5804474</value>
      </attribute>
      <attribute>
        <name>rotation</name>
        <value>358.4</value>
      </attribute>
    </attributes>
  </object>
  <object>
    <name>ad_erzieher_email</name>
    <truncated>0</truncated>
    <occluded>0</occluded>
    <difficult>0</difficult>
    <bndbox>
      <xmin>535.71</xmin>
      <ymin>1702.45</ymin>
      <xmax>1795.19</xmax>
      <ymax>1816.3</ymax>
    </bndbox>
    <attributes>
      <attribute>
        <name>Email</name>
        <value>tschubert@gmx.de</value>
      </attribute>
      <attribute>
        <name>rotation</name>
        <value>358.5</value>
      </attribute>
    </attributes>
  </object>
  <object>
    <name>schueler_name</name>
    <truncated>0</truncated>
    <occluded>0</occluded>
    <difficult>0</difficult>
    <bndbox>
      <xmin>545.2</xmin>
      <ymin>1942.01</ymin>
      <xmax>1833.14</xmax>
      <ymax>2060.61</ymax>
    </bndbox>
    <attributes>
      <attribute>
        <name>Name</name>
        <value>Schubert</value>
      </attribute>
      <attribute>
        <name>rotation</name>
        <value>358.5</value>
      </attribute>
    </attributes>
  </object>
  <object>
    <name>schueler_vorname</name>
    <truncated>0</truncated>
    <occluded>0</occluded>
    <difficult>0</difficult>
    <bndbox>
      <xmin>511.99</xmin>
      <ymin>2048.75</ymin>
      <xmax>1823.66</xmax>
      <ymax>2153.11</ymax>
    </bndbox>
    <attributes>
      <attribute>
        <name>Vorname</name>
        <value>Leni</value>
      </attribute>
      <attribute>
        <name>rotation</name>
        <value>358.9</value>
      </attribute>
    </attributes>
  </object>
  <object>
    <name>schueler_klasse</name>
    <truncated>0</truncated>
    <occluded>0</occluded>
    <difficult>0</difficult>
    <bndbox>
      <xmin>549.72</xmin>
      <ymin>2150.74</ymin>
      <xmax>1804.46</xmax>
      <ymax>2257.5</ymax>
    </bndbox>
    <attributes>
      <attribute>
        <name>Klasse</name>
        <value>6B</value>
      </attribute>
      <attribute>
        <name>rotation</name>
        <value>358.79999999999995</value>
      </attribute>
    </attributes>
  </object>
  <object>
    <name>ad_neue_ad_str_haus_nr</name>
    <truncated>0</truncated>
    <occluded>0</occluded>
    <difficult>0</difficult>
    <bndbox>
      <xmin>270.06</xmin>
      <ymin>2387.93</ymin>
      <xmax>1821.28</xmax>
      <ymax>2506.53</ymax>
    </bndbox>
    <attributes>
      <attribute>
        <name>Strasse_und_Hausnummer</name>
        <value>Klattenweg 2</value>
      </attribute>
      <attribute>
        <name>rotation</name>
        <value>358.5</value>
      </attribute>
    </attributes>
  </object>
  <object>
    <name>ad_neue_ad_plz</name>
    <truncated>0</truncated>
    <occluded>0</occluded>
    <difficult>0</difficult>
    <bndbox>
      <xmin>464.55</xmin>
      <ymin>2499.41</ymin>
      <xmax>1811.8</xmax>
      <ymax>2613.26</ymax>
    </bndbox>
    <attributes>
      <attribute>
        <name>PLZ</name>
        <value>28213</value>
      </attribute>
      <attribute>
        <name>rotation</name>
        <value>358.4</value>
      </attribute>
    </attributes>
  </object>
  <object>
    <name>ad_schueler_unterschrift</name>
    <truncated>0</truncated>
    <occluded>0</occluded>
    <difficult>0</difficult>
    <bndbox>
      <xmin>486.74</xmin>
      <ymin>3041.2</ymin>
      <xmax>1407.04</xmax>
      <ymax>3214.3</ymax>
    </bndbox>
    <attributes>
      <attribute>
        <name>Unterschrift</name>
        <value>Schubert</value>
      </attribute>
      <attribute>
        <name>rotation</name>
        <value>358.99999999999994</value>
      </attribute>
    </attributes>
  </object>
  <object>
    <name>ad_datum</name>
    <truncated>0</truncated>
    <occluded>0</occluded>
    <difficult>0</difficult>
    <bndbox>
      <xmin>1705.06</xmin>
      <ymin>3014.12</ymin>
      <xmax>2229.25</xmax>
      <ymax>3144.57</ymax>
    </bndbox>
    <attributes>
      <attribute>
        <name>Datum</name>
        <value>24.04.2024</value>
      </attribute>
      <attribute>
        <name>rotation</name>
        <value>358.2</value>
      </attribute>
    </attributes>
  </object>
</annotation>
