<annotation>
  <folder></folder>
  <filename>AG_001.jpg</filename>
  <source>
    <database>Unknown</database>
    <annotation>Unknown</annotation>
    <image>Unknown</image>
  </source>
  <size>
    <width>1584</width>
    <height>2252</height>
    <depth></depth>
  </size>
  <segmented>0</segmented>
  <object>
    <name>schueler_name</name>
    <truncated>0</truncated>
    <occluded>0</occluded>
    <difficult>0</difficult>
    <bndbox>
      <xmin>286.14</xmin>
      <ymin>1106.27</ymin>
      <xmax>1214.99</xmax>
      <ymax>1180.2</ymax>
    </bndbox>
    <attributes>
      <attribute>
        <name>Name</name>
        <value>Hartmann</value>
      </attribute>
      <attribute>
        <name>rotation</name>
        <value>0.0</value>
      </attribute>
    </attributes>
  </object>
  <object>
    <name>schueler_vorname</name>
    <truncated>0</truncated>
    <occluded>0</occluded>
    <difficult>0</difficult>
    <bndbox>
      <xmin>259.43</xmin>
      <ymin>1184.2</ymin>
      <xmax>1216.72</xmax>
      <ymax>1253.68</ymax>
    </bndbox>
    <attributes>
      <attribute>
        <name>Vorname</name>
        <value>Sven</value>
      </attribute>
      <attribute>
        <name>rotation</name>
        <value>0.0</value>
      </attribute>
    </attributes>
  </object>
  <object>
    <name>schueler_klasse</name>
    <truncated>0</truncated>
    <occluded>0</occluded>
    <difficult>0</difficult>
    <bndbox>
      <xmin>287.86</xmin>
      <ymin>1256.8</ymin>
      <xmax>1216.72</xmax>
      <ymax>1326.35</ymax>
    </bndbox>
    <attributes>
      <attribute>
        <name>Klasse</name>
        <value>6b</value>
      </attribute>
      <attribute>
        <name>rotation</name>
        <value>0.0</value>
      </attribute>
    </attributes>
  </object>
  <object>
    <name>ag_auswahl_wahl_1</name>
    <truncated>0</truncated>
    <occluded>0</occluded>
    <difficult>0</difficult>
    <bndbox>
      <xmin>243.63</xmin>
      <ymin>1427.45</ymin>
      <xmax>1226.2</xmax>
      <ymax>1509.59</ymax>
    </bndbox>
    <attributes>
      <attribute>
        <name>1. Wahl</name>
        <value>Band</value>
      </attribute>
      <attribute>
        <name>rotation</name>
        <value>0.0</value>
      </attribute>
    </attributes>
  </object>
  <object>
    <name>ag_auswahl_wahl_2</name>
    <truncated>0</truncated>
    <occluded>0</occluded>
    <difficult>0</difficult>
    <bndbox>
      <xmin>243.63</xmin>
      <ymin>1503.3</ymin>
      <xmax>1229.35</xmax>
      <ymax>1575.9</ymax>
    </bndbox>
    <attributes>
      <attribute>
        <name>2. Wahl</name>
        <value>Fussball</value>
      </attribute>
      <attribute>
        <name>rotation</name>
        <value>0.0</value>
      </attribute>
    </attributes>
  </object>
  <object>
    <name>ag_auswahl_wahl_3</name>
    <truncated>0</truncated>
    <occluded>0</occluded>
    <difficult>0</difficult>
    <bndbox>
      <xmin>243.63</xmin>
      <ymin>1572.8</ymin>
      <xmax>1229.35</xmax>
      <ymax>1648.6</ymax>
    </bndbox>
    <attributes>
      <attribute>
        <name>3. Wahl</name>
        <value>Chor</value>
      </attribute>
      <attribute>
        <name>rotation</name>
        <value>0.0</value>
      </attribute>
    </attributes>
  </object>
  <object>
    <name>ag_schueler_unterschrift</name>
    <truncated>0</truncated>
    <occluded>0</occluded>
    <difficult>0</difficult>
    <bndbox>
      <xmin>246.79</xmin>
      <ymin>1910.83</ymin>
      <xmax>932.37</xmax>
      <ymax>2059.32</ymax>
    </bndbox>
    <attributes>
      <attribute>
        <name>Unterschrift</name>
        <value>Matthias Hartmann</value>
      </attribute>
      <attribute>
        <name>rotation</name>
        <value>0.0</value>
      </attribute>
    </attributes>
  </object>
  <object>
    <name>ag_schueler_datum</name>
    <truncated>0</truncated>
    <occluded>0</occluded>
    <difficult>0</difficult>
    <bndbox>
      <xmin>1106.14</xmin>
      <ymin>1917.1</ymin>
      <xmax>1447.35</xmax>
      <ymax>2021.41</ymax>
    </bndbox>
    <attributes>
      <attribute>
        <name>Datum</name>
        <value>21.04.2024</value>
      </attribute>
      <attribute>
        <name>rotation</name>
        <value>0.0</value>
      </attribute>
    </attributes>
  </object>
  <object>
    <name>ag</name>
    <truncated>0</truncated>
    <occluded>0</occluded>
    <difficult>0</difficult>
    <bndbox>
      <xmin>545.54</xmin>
      <ymin>432.18</ymin>
      <xmax>1027.03</xmax>
      <ymax>617.95</ymax>
    </bndbox>
    <attributes>
      <attribute>
        <name>rotation</name>
        <value>0.0</value>
      </attribute>
      <attribute>
        <name>track_id</name>
        <value>0</value>
      </attribute>
      <attribute>
        <name>keyframe</name>
        <value>True</value>
      </attribute>
    </attributes>
  </object>
  <object>
    <name>schueler</name>
    <truncated>0</truncated>
    <occluded>0</occluded>
    <difficult>0</difficult>
    <bndbox>
      <xmin>253.62</xmin>
      <ymin>1019.83</ymin>
      <xmax>1246.92</xmax>
      <ymax>1368.62</ymax>
    </bndbox>
    <attributes>
      <attribute>
        <name>rotation</name>
        <value>0.0</value>
      </attribute>
      <attribute>
        <name>track_id</name>
        <value>1</value>
      </attribute>
      <attribute>
        <name>keyframe</name>
        <value>True</value>
      </attribute>
    </attributes>
  </object>
  <object>
    <name>ag_auswahl</name>
    <truncated>0</truncated>
    <occluded>0</occluded>
    <difficult>0</difficult>
    <bndbox>
      <xmin>238.45</xmin>
      <ymin>1371.65</ymin>
      <xmax>1269.67</xmax>
      <ymax>1674.95</ymax>
    </bndbox>
    <attributes>
      <attribute>
        <name>rotation</name>
        <value>0.0</value>
      </attribute>
      <attribute>
        <name>track_id</name>
        <value>2</value>
      </attribute>
      <attribute>
        <name>keyframe</name>
        <value>True</value>
      </attribute>
    </attributes>
  </object>
  <object>
    <name>ag_unterschrift</name>
    <truncated>0</truncated>
    <occluded>0</occluded>
    <difficult>0</difficult>
    <bndbox>
      <xmin>215.7</xmin>
      <ymin>1887.26</ymin>
      <xmax>1463.02</xmax>
      <ymax>2080.62</ymax>
    </bndbox>
    <attributes>
      <attribute>
        <name>rotation</name>
        <value>0.0</value>
      </attribute>
      <attribute>
        <name>track_id</name>
        <value>3</value>
      </attribute>
      <attribute>
        <name>keyframe</name>
        <value>True</value>
      </attribute>
    </attributes>
  </object>
</annotation>
