<annotation>
  <folder>IMG</folder>
  <filename>AG_012.jpeg</filename>
  <source>
    <database>Unknown</database>
    <annotation>Unknown</annotation>
    <image>Unknown</image>
  </source>
  <size>
    <width>2650</width>
    <height>3793</height>
    <depth></depth>
  </size>
  <segmented>0</segmented>
  <object>
    <name>ag_unterschrift</name>
    <truncated>0</truncated>
    <occluded>0</occluded>
    <difficult>0</difficult>
    <bndbox>
      <xmin>391.87</xmin>
      <ymin>3240.53</ymin>
      <xmax>2517.95</xmax>
      <ymax>3472.55</ymax>
    </bndbox>
    <attributes>
      <attribute>
        <name>rotation</name>
        <value>0.0</value>
      </attribute>
    </attributes>
  </object>
  <object>
    <name>ag</name>
    <truncated>0</truncated>
    <occluded>0</occluded>
    <difficult>0</difficult>
    <bndbox>
      <xmin>955.35</xmin>
      <ymin>768.79</ymin>
      <xmax>1712.97</xmax>
      <ymax>910.84</ymax>
    </bndbox>
    <attributes>
      <attribute>
        <name>rotation</name>
        <value>0.0</value>
      </attribute>
    </attributes>
  </object>
  <object>
    <name>ag_auswahl</name>
    <truncated>0</truncated>
    <occluded>0</occluded>
    <difficult>0</difficult>
    <bndbox>
      <xmin>363.46</xmin>
      <ymin>2269.83</ymin>
      <xmax>2077.58</xmax>
      <ymax>2757.55</ymax>
    </bndbox>
    <attributes>
      <attribute>
        <name>rotation</name>
        <value>0.0</value>
      </attribute>
    </attributes>
  </object>
  <object>
    <name>schueler</name>
    <truncated>0</truncated>
    <occluded>0</occluded>
    <difficult>0</difficult>
    <bndbox>
      <xmin>406.07</xmin>
      <ymin>1715.81</ymin>
      <xmax>2063.37</xmax>
      <ymax>2179.86</ymax>
    </bndbox>
    <attributes>
      <attribute>
        <name>rotation</name>
        <value>0.0</value>
      </attribute>
    </attributes>
  </object>
  <object>
    <name>ag_auswahl_wahl_1</name>
    <truncated>0</truncated>
    <occluded>0</occluded>
    <difficult>0</difficult>
    <bndbox>
      <xmin>382.4</xmin>
      <ymin>2388.21</ymin>
      <xmax>2063.37</xmax>
      <ymax>2501.85</ymax>
    </bndbox>
    <attributes>
      <attribute>
        <name>1. Wahl</name>
        <value>Fussball</value>
      </attribute>
      <attribute>
        <name>rotation</name>
        <value>0.0</value>
      </attribute>
    </attributes>
  </object>
  <object>
    <name>ag_auswahl_wahl_2</name>
    <truncated>0</truncated>
    <occluded>0</occluded>
    <difficult>0</difficult>
    <bndbox>
      <xmin>377.66</xmin>
      <ymin>2516.05</ymin>
      <xmax>2058.64</xmax>
      <ymax>2624.96</ymax>
    </bndbox>
    <attributes>
      <attribute>
        <name>2. Wahl</name>
        <value>Chor</value>
      </attribute>
      <attribute>
        <name>rotation</name>
        <value>0.0</value>
      </attribute>
    </attributes>
  </object>
  <object>
    <name>ag_auswahl_wahl_3</name>
    <truncated>0</truncated>
    <occluded>0</occluded>
    <difficult>0</difficult>
    <bndbox>
      <xmin>377.66</xmin>
      <ymin>2634.43</ymin>
      <xmax>2063.37</xmax>
      <ymax>2743.34</ymax>
    </bndbox>
    <attributes>
      <attribute>
        <name>3. Wahl</name>
        <value>Band</value>
      </attribute>
      <attribute>
        <name>rotation</name>
        <value>0.0</value>
      </attribute>
    </attributes>
  </object>
  <object>
    <name>schueler_name</name>
    <truncated>0</truncated>
    <occluded>0</occluded>
    <difficult>0</difficult>
    <bndbox>
      <xmin>477.1</xmin>
      <ymin>1819.99</ymin>
      <xmax>2049.17</xmax>
      <ymax>1938.37</ymax>
    </bndbox>
    <attributes>
      <attribute>
        <name>Name</name>
        <value>Linke</value>
      </attribute>
      <attribute>
        <name>rotation</name>
        <value>0.0</value>
      </attribute>
    </attributes>
  </object>
  <object>
    <name>schueler_vorname</name>
    <truncated>0</truncated>
    <occluded>0</occluded>
    <difficult>0</difficult>
    <bndbox>
      <xmin>406.07</xmin>
      <ymin>1943.1</ymin>
      <xmax>2058.64</xmax>
      <ymax>2047.27</ymax>
    </bndbox>
    <attributes>
      <attribute>
        <name>Vorname</name>
        <value>Alicja</value>
      </attribute>
      <attribute>
        <name>rotation</name>
        <value>0.0</value>
      </attribute>
    </attributes>
  </object>
  <object>
    <name>schueler_klasse</name>
    <truncated>0</truncated>
    <occluded>0</occluded>
    <difficult>0</difficult>
    <bndbox>
      <xmin>477.1</xmin>
      <ymin>2070.95</ymin>
      <xmax>2058.64</xmax>
      <ymax>2165.65</ymax>
    </bndbox>
    <attributes>
      <attribute>
        <name>Klasse</name>
        <value>8D</value>
      </attribute>
      <attribute>
        <name>rotation</name>
        <value>0.0</value>
      </attribute>
    </attributes>
  </object>
  <object>
    <name>ag_schueler_unterschrift</name>
    <truncated>0</truncated>
    <occluded>0</occluded>
    <difficult>0</difficult>
    <bndbox>
      <xmin>401.34</xmin>
      <ymin>3259.47</ymin>
      <xmax>1575.65</xmax>
      <ymax>3396.79</ymax>
    </bndbox>
    <attributes>
      <attribute>
        <name>Unterschrift</name>
        <value>R.Linke</value>
      </attribute>
      <attribute>
        <name>rotation</name>
        <value>0.0</value>
      </attribute>
    </attributes>
  </object>
  <object>
    <name>ag_schueler_datum</name>
    <truncated>0</truncated>
    <occluded>0</occluded>
    <difficult>0</difficult>
    <bndbox>
      <xmin>1926.06</xmin>
      <ymin>3268.94</ymin>
      <xmax>2503.74</xmax>
      <ymax>3396.79</ymax>
    </bndbox>
    <attributes>
      <attribute>
        <name>Datum</name>
        <value>22.04.2024</value>
      </attribute>
      <attribute>
        <name>rotation</name>
        <value>0.0</value>
      </attribute>
    </attributes>
  </object>
</annotation>
