<annotation>
  <folder></folder>
  <filename>AG_031.jpg</filename>
  <source>
    <database>Unknown</database>
    <annotation>Unknown</annotation>
    <image>Unknown</image>
  </source>
  <size>
    <width>2608</width>
    <height>3853</height>
    <depth></depth>
  </size>
  <segmented>0</segmented>
  <object>
    <name>ag</name>
    <truncated>0</truncated>
    <occluded>0</occluded>
    <difficult>0</difficult>
    <bndbox>
      <xmin>922.87</xmin>
      <ymin>846.28</ymin>
      <xmax>1700.54</xmax>
      <ymax>1023.02</ymax>
    </bndbox>
    <attributes>
      <attribute>
        <name>rotation</name>
        <value>0.0</value>
      </attribute>
    </attributes>
  </object>
  <object>
    <name>schueler_name</name>
    <truncated>0</truncated>
    <occluded>0</occluded>
    <difficult>0</difficult>
    <bndbox>
      <xmin>379.6</xmin>
      <ymin>1940.19</ymin>
      <xmax>2009.3199999999997</xmax>
      <ymax>2055.9</ymax>
    </bndbox>
    <attributes>
      <attribute>
        <name>Name</name>
        <value>Bonbach</value>
      </attribute>
      <attribute>
        <name>rotation</name>
        <value>0.0</value>
      </attribute>
    </attributes>
  </object>
  <object>
    <name>schueler_vorname</name>
    <truncated>0</truncated>
    <occluded>0</occluded>
    <difficult>0</difficult>
    <bndbox>
      <xmin>363.91</xmin>
      <ymin>2071.6</ymin>
      <xmax>2018.7</xmax>
      <ymax>2177.93</ymax>
    </bndbox>
    <attributes>
      <attribute>
        <name>Vorname</name>
        <value>Jane</value>
      </attribute>
      <attribute>
        <name>rotation</name>
        <value>0.0</value>
      </attribute>
    </attributes>
  </object>
  <object>
    <name>schueler_klasse</name>
    <truncated>0</truncated>
    <occluded>0</occluded>
    <difficult>0</difficult>
    <bndbox>
      <xmin>407.71</xmin>
      <ymin>2199.82</ymin>
      <xmax>2003.06</xmax>
      <ymax>2287.41</ymax>
    </bndbox>
    <attributes>
      <attribute>
        <name>Klasse</name>
        <value>8D</value>
      </attribute>
      <attribute>
        <name>rotation</name>
        <value>0.0</value>
      </attribute>
    </attributes>
  </object>
  <object>
    <name>ag_auswahl_wahl_1</name>
    <truncated>0</truncated>
    <occluded>0</occluded>
    <difficult>0</difficult>
    <bndbox>
      <xmin>322.5</xmin>
      <ymin>2501.94</ymin>
      <xmax>2011.7</xmax>
      <ymax>2618.31</ymax>
    </bndbox>
    <attributes>
      <attribute>
        <name>1. Wahl</name>
        <value>Fussball</value>
      </attribute>
      <attribute>
        <name>rotation</name>
        <value>0.0</value>
      </attribute>
    </attributes>
  </object>
  <object>
    <name>ag_auswahl_wahl_2</name>
    <truncated>0</truncated>
    <occluded>0</occluded>
    <difficult>0</difficult>
    <bndbox>
      <xmin>326.25</xmin>
      <ymin>2637.08</ymin>
      <xmax>1992.9</xmax>
      <ymax>2738.43</ymax>
    </bndbox>
    <attributes>
      <attribute>
        <name>2. Wahl</name>
        <value>Chor</value>
      </attribute>
      <attribute>
        <name>rotation</name>
        <value>0.0</value>
      </attribute>
    </attributes>
  </object>
  <object>
    <name>ag_auswahl_wahl_3</name>
    <truncated>0</truncated>
    <occluded>0</occluded>
    <difficult>0</difficult>
    <bndbox>
      <xmin>326.25</xmin>
      <ymin>2753.44</ymin>
      <xmax>2000.44</xmax>
      <ymax>2862.3</ymax>
    </bndbox>
    <attributes>
      <attribute>
        <name>3. Wahl</name>
        <value>Programmierung</value>
      </attribute>
      <attribute>
        <name>rotation</name>
        <value>0.0</value>
      </attribute>
    </attributes>
  </object>
  <object>
    <name>ag_schueler_unterschrift</name>
    <truncated>0</truncated>
    <occluded>0</occluded>
    <difficult>0</difficult>
    <bndbox>
      <xmin>356.28</xmin>
      <ymin>3384.08</ymin>
      <xmax>1549.98</xmax>
      <ymax>3541.74</ymax>
    </bndbox>
    <attributes>
      <attribute>
        <name>Unterschrift</name>
        <value>Bonbach</value>
      </attribute>
      <attribute>
        <name>rotation</name>
        <value>0.0</value>
      </attribute>
    </attributes>
  </object>
  <object>
    <name>ag_schueler_datum</name>
    <truncated>0</truncated>
    <occluded>0</occluded>
    <difficult>0</difficult>
    <bndbox>
      <xmin>1842.8</xmin>
      <ymin>3372.82</ymin>
      <xmax>2390.83</xmax>
      <ymax>3496.69</ymax>
    </bndbox>
    <attributes>
      <attribute>
        <name>Datum</name>
        <value>11.04.2024</value>
      </attribute>
      <attribute>
        <name>rotation</name>
        <value>0.0</value>
      </attribute>
    </attributes>
  </object>
  <object>
    <name>ag_unterschrift</name>
    <truncated>0</truncated>
    <occluded>0</occluded>
    <difficult>0</difficult>
    <bndbox>
      <xmin>356.76</xmin>
      <ymin>3374.0</ymin>
      <xmax>2403.6</xmax>
      <ymax>3545.48</ymax>
    </bndbox>
    <attributes>
      <attribute>
        <name>rotation</name>
        <value>0.0</value>
      </attribute>
      <attribute>
        <name>track_id</name>
        <value>0</value>
      </attribute>
      <attribute>
        <name>keyframe</name>
        <value>True</value>
      </attribute>
    </attributes>
  </object>
  <object>
    <name>schueler</name>
    <truncated>0</truncated>
    <occluded>0</occluded>
    <difficult>0</difficult>
    <bndbox>
      <xmin>357.0</xmin>
      <ymin>1836.6</ymin>
      <xmax>2036.85</xmax>
      <ymax>2302.7</ymax>
    </bndbox>
    <attributes>
      <attribute>
        <name>rotation</name>
        <value>0.0</value>
      </attribute>
      <attribute>
        <name>track_id</name>
        <value>2</value>
      </attribute>
      <attribute>
        <name>keyframe</name>
        <value>True</value>
      </attribute>
    </attributes>
  </object>
  <object>
    <name>ag_auswahl</name>
    <truncated>0</truncated>
    <occluded>0</occluded>
    <difficult>0</difficult>
    <bndbox>
      <xmin>299.2</xmin>
      <ymin>2391.96</ymin>
      <xmax>2022.2</xmax>
      <ymax>2894.96</ymax>
    </bndbox>
    <attributes>
      <attribute>
        <name>rotation</name>
        <value>0.0</value>
      </attribute>
      <attribute>
        <name>track_id</name>
        <value>3</value>
      </attribute>
      <attribute>
        <name>keyframe</name>
        <value>True</value>
      </attribute>
    </attributes>
  </object>
</annotation>
