<annotation>
  <folder/>
  <filename>AG_021.jpg</filename>
  <source>
    <database>Unknown</database>
    <annotation>Unknown</annotation>
    <image>Unknown</image>
  </source>
  <size>
    <width>1272</width>
    <height>1812</height>
    <depth></depth>
  </size>
  <segmented>0</segmented>
  <object>
    <name>ag</name>
    <truncated>0</truncated>
    <occluded>0</occluded>
    <difficult>0</difficult>
    <bndbox>
      <xmin>437.01</xmin>
      <ymin>340.64</ymin>
      <xmax>868.73</xmax>
      <ymax>481.81</ymax>
    </bndbox>
    <attributes>
      <attribute>
        <name>rotation</name>
        <value>0.0</value>
      </attribute>
    </attributes>
  </object>
  <object>
    <name>ag_auswahl</name>
    <truncated>0</truncated>
    <occluded>0</occluded>
    <difficult>0</difficult>
    <bndbox>
      <xmin>144.42</xmin>
      <ymin>1083.36</ymin>
      <xmax>1093.79</xmax>
      <ymax>1365.72</ymax>
    </bndbox>
    <attributes>
      <attribute>
        <name>rotation</name>
        <value>0.0</value>
      </attribute>
    </attributes>
  </object>
  <object>
    <name>schueler</name>
    <truncated>0</truncated>
    <occluded>0</occluded>
    <difficult>0</difficult>
    <bndbox>
      <xmin>138.28</xmin>
      <ymin>786.68</ymin>
      <xmax>1099.93</xmax>
      <ymax>1066.99</ymax>
    </bndbox>
    <attributes>
      <attribute>
        <name>rotation</name>
        <value>0.0</value>
      </attribute>
    </attributes>
  </object>
  <object>
    <name>ag_unterschrift</name>
    <truncated>0</truncated>
    <occluded>0</occluded>
    <difficult>0</difficult>
    <bndbox>
      <xmin>123.96</xmin>
      <ymin>1525.31</ymin>
      <xmax>1257.48</xmax>
      <ymax>1680.81</ymax>
    </bndbox>
    <attributes>
      <attribute>
        <name>rotation</name>
        <value>0.0</value>
      </attribute>
    </attributes>
  </object>
  <object>
    <name>schueler_name</name>
    <truncated>0</truncated>
    <occluded>0</occluded>
    <difficult>0</difficult>
    <bndbox>
      <xmin>181.25</xmin>
      <ymin>858.29</ymin>
      <xmax>1038.55</xmax>
      <ymax>938.09</ymax>
    </bndbox>
    <attributes>
      <attribute>
        <name>Name</name>
        <value>Kreusel</value>
      </attribute>
      <attribute>
        <name>rotation</name>
        <value>0.0</value>
      </attribute>
    </attributes>
  </object>
  <object>
    <name>schueler_vorname</name>
    <truncated>0</truncated>
    <occluded>0</occluded>
    <difficult>0</difficult>
    <bndbox>
      <xmin>185.34</xmin>
      <ymin>942.18</ymin>
      <xmax>1038.55</xmax>
      <ymax>1001.52</ymax>
    </bndbox>
    <attributes>
      <attribute>
        <name>Vorname</name>
        <value>Milica</value>
      </attribute>
      <attribute>
        <name>rotation</name>
        <value>0.0</value>
      </attribute>
    </attributes>
  </object>
  <object>
    <name>schueler_klasse</name>
    <truncated>0</truncated>
    <occluded>0</occluded>
    <difficult>0</difficult>
    <bndbox>
      <xmin>191.48</xmin>
      <ymin>1007.65</ymin>
      <xmax>1038.55</xmax>
      <ymax>1062.9</ymax>
    </bndbox>
    <attributes>
      <attribute>
        <name>Klasse</name>
        <value>12A</value>
      </attribute>
      <attribute>
        <name>rotation</name>
        <value>0.0</value>
      </attribute>
    </attributes>
  </object>
  <object>
    <name>ag_auswahl_wahl_1</name>
    <truncated>0</truncated>
    <occluded>0</occluded>
    <difficult>0</difficult>
    <bndbox>
      <xmin>164.88</xmin>
      <ymin>1134.51</ymin>
      <xmax>1020.14</xmax>
      <ymax>1212.26</ymax>
    </bndbox>
    <attributes>
      <attribute>
        <name>1. Wahl</name>
        <value>Robotik</value>
      </attribute>
      <attribute>
        <name>rotation</name>
        <value>0.0</value>
      </attribute>
    </attributes>
  </object>
  <object>
    <name>ag_auswahl_wahl_2</name>
    <truncated>0</truncated>
    <occluded>0</occluded>
    <difficult>0</difficult>
    <bndbox>
      <xmin>164.88</xmin>
      <ymin>1216.35</ymin>
      <xmax>1018.09</xmax>
      <ymax>1275.7</ymax>
    </bndbox>
    <attributes>
      <attribute>
        <name>2. Wahl</name>
        <value>Band</value>
      </attribute>
      <attribute>
        <name>rotation</name>
        <value>0.0</value>
      </attribute>
    </attributes>
  </object>
  <object>
    <name>ag_auswahl_wahl_3</name>
    <truncated>0</truncated>
    <occluded>0</occluded>
    <difficult>0</difficult>
    <bndbox>
      <xmin>168.97</xmin>
      <ymin>1269.6</ymin>
      <xmax>1022.18</xmax>
      <ymax>1353.44</ymax>
    </bndbox>
    <attributes>
      <attribute>
        <name>3. Wahl</name>
        <value>Volleyball</value>
      </attribute>
      <attribute>
        <name>rotation</name>
        <value>0.0</value>
      </attribute>
    </attributes>
  </object>
  <object>
    <name>ag_schueler_unterschrift</name>
    <truncated>0</truncated>
    <occluded>0</occluded>
    <difficult>0</difficult>
    <bndbox>
      <xmin>168.97</xmin>
      <ymin>1535.54</ymin>
      <xmax>793.02</xmax>
      <ymax>1670.58</ymax>
    </bndbox>
    <attributes>
      <attribute>
        <name>Unterschrift</name>
        <value>Kreus</value>
      </attribute>
      <attribute>
        <name>rotation</name>
        <value>0.0</value>
      </attribute>
    </attributes>
  </object>
  <object>
    <name>ag_schueler_datum</name>
    <truncated>0</truncated>
    <occluded>0</occluded>
    <difficult>0</difficult>
    <bndbox>
      <xmin>899.42</xmin>
      <ymin>1537.59</ymin>
      <xmax>1247.25</xmax>
      <ymax>1670.58</ymax>
    </bndbox>
    <attributes>
      <attribute>
        <name>Datum</name>
        <value>12.04.2024</value>
      </attribute>
      <attribute>
        <name>rotation</name>
        <value>0.0</value>
      </attribute>
    </attributes>
  </object>
</annotation>
