<annotation>
  <folder></folder>
  <filename>AG_023.jpg</filename>
  <source>
    <database>Unknown</database>
    <annotation>Unknown</annotation>
    <image>Unknown</image>
  </source>
  <size>
    <width>2340</width>
    <height>3239</height>
    <depth></depth>
  </size>
  <segmented>0</segmented>
  <object>
    <name>ag</name>
    <truncated>0</truncated>
    <occluded>0</occluded>
    <difficult>0</difficult>
    <bndbox>
      <xmin>902.59</xmin>
      <ymin>758.81</ymin>
      <xmax>1516.18</xmax>
      <ymax>860.37</ymax>
    </bndbox>
    <attributes>
      <attribute>
        <name>rotation</name>
        <value>0.0</value>
      </attribute>
    </attributes>
  </object>
  <object>
    <name>schueler</name>
    <truncated>0</truncated>
    <occluded>0</occluded>
    <difficult>0</difficult>
    <bndbox>
      <xmin>439.98</xmin>
      <ymin>1581.64</ymin>
      <xmax>1827.59</xmax>
      <ymax>1970.43</ymax>
    </bndbox>
    <attributes>
      <attribute>
        <name>rotation</name>
        <value>0.0</value>
      </attribute>
    </attributes>
  </object>
  <object>
    <name>schueler_name</name>
    <truncated>0</truncated>
    <occluded>0</occluded>
    <difficult>0</difficult>
    <bndbox>
      <xmin>498.4</xmin>
      <ymin>1678.3</ymin>
      <xmax>1823.29</xmax>
      <ymax>1762.07</ymax>
    </bndbox>
    <attributes>
      <attribute>
        <name>Name</name>
        <value>Aumann</value>
      </attribute>
      <attribute>
        <name>rotation</name>
        <value>0.0</value>
      </attribute>
    </attributes>
  </object>
  <object>
    <name>schueler_vorname</name>
    <truncated>0</truncated>
    <occluded>0</occluded>
    <difficult>0</difficult>
    <bndbox>
      <xmin>443.4</xmin>
      <ymin>1781.4</ymin>
      <xmax>1825.44</xmax>
      <ymax>1860.88</ymax>
    </bndbox>
    <attributes>
      <attribute>
        <name>Vorname</name>
        <value>Aline</value>
      </attribute>
      <attribute>
        <name>rotation</name>
        <value>0.0</value>
      </attribute>
    </attributes>
  </object>
  <object>
    <name>schueler_klasse</name>
    <truncated>0</truncated>
    <occluded>0</occluded>
    <difficult>0</difficult>
    <bndbox>
      <xmin>489.8</xmin>
      <ymin>1884.51</ymin>
      <xmax>1827.59</xmax>
      <ymax>1966.13</ymax>
    </bndbox>
    <attributes>
      <attribute>
        <name>Klasse</name>
        <value>8D</value>
      </attribute>
      <attribute>
        <name>rotation</name>
        <value>0.0</value>
      </attribute>
    </attributes>
  </object>
  <object>
    <name>ag_auswahl</name>
    <truncated>0</truncated>
    <occluded>0</occluded>
    <difficult>0</difficult>
    <bndbox>
      <xmin>413.52</xmin>
      <ymin>2057.25</ymin>
      <xmax>1836.35</xmax>
      <ymax>2441.31</ymax>
    </bndbox>
    <attributes>
      <attribute>
        <name>rotation</name>
        <value>0.0</value>
      </attribute>
    </attributes>
  </object>
  <object>
    <name>ag_auswahl_wahl_1</name>
    <truncated>0</truncated>
    <occluded>0</occluded>
    <difficult>0</difficult>
    <bndbox>
      <xmin>423.83</xmin>
      <ymin>2142.31</ymin>
      <xmax>1826.04</xmax>
      <ymax>2278.92</ymax>
    </bndbox>
    <attributes>
      <attribute>
        <name>1. Wahl</name>
        <value>Volleyball</value>
      </attribute>
      <attribute>
        <name>rotation</name>
        <value>0.0</value>
      </attribute>
    </attributes>
  </object>
  <object>
    <name>ag_auswahl_wahl_2</name>
    <truncated>0</truncated>
    <occluded>0</occluded>
    <difficult>0</difficult>
    <bndbox>
      <xmin>431.56</xmin>
      <ymin>2255.72</ymin>
      <xmax>1831.19</xmax>
      <ymax>2338.2</ymax>
    </bndbox>
    <attributes>
      <attribute>
        <name>2. Wahl</name>
        <value>Fussball</value>
      </attribute>
      <attribute>
        <name>rotation</name>
        <value>0.0</value>
      </attribute>
    </attributes>
  </object>
  <object>
    <name>ag_auswahl_wahl_3</name>
    <truncated>0</truncated>
    <occluded>0</occluded>
    <difficult>0</difficult>
    <bndbox>
      <xmin>426.41</xmin>
      <ymin>2361.4</ymin>
      <xmax>1831.19</xmax>
      <ymax>2441.31</ymax>
    </bndbox>
    <attributes>
      <attribute>
        <name>3. Wahl</name>
        <value>Chor</value>
      </attribute>
      <attribute>
        <name>rotation</name>
        <value>0.0</value>
      </attribute>
    </attributes>
  </object>
  <object>
    <name>ag_schueler_unterschrift</name>
    <truncated>0</truncated>
    <occluded>0</occluded>
    <difficult>0</difficult>
    <bndbox>
      <xmin>461.8</xmin>
      <ymin>2865.48</ymin>
      <xmax>1426.87</xmax>
      <ymax>2961.36</ymax>
    </bndbox>
    <attributes>
      <attribute>
        <name>Unterschrift</name>
        <value>Aumann</value>
      </attribute>
      <attribute>
        <name>rotation</name>
        <value>0.0</value>
      </attribute>
    </attributes>
  </object>
  <object>
    <name>ag_unterschrift</name>
    <truncated>0</truncated>
    <occluded>0</occluded>
    <difficult>0</difficult>
    <bndbox>
      <xmin>461.82</xmin>
      <ymin>2862.38</ymin>
      <xmax>2181.59</xmax>
      <ymax>3017.04</ymax>
    </bndbox>
    <attributes>
      <attribute>
        <name>rotation</name>
        <value>0.0</value>
      </attribute>
    </attributes>
  </object>
  <object>
    <name>ag_schueler_datum</name>
    <truncated>0</truncated>
    <occluded>0</occluded>
    <difficult>0</difficult>
    <bndbox>
      <xmin>1714.53</xmin>
      <ymin>2865.48</ymin>
      <xmax>2178.5</xmax>
      <ymax>2942.8</ymax>
    </bndbox>
    <attributes>
      <attribute>
        <name>Datum</name>
        <value>23.04.2024</value>
      </attribute>
      <attribute>
        <name>rotation</name>
        <value>0.0</value>
      </attribute>
    </attributes>
  </object>
</annotation>
